-- GENERATED by db/gen_seed.py - do not edit by hand. Deterministic (seed 1337).
-- Phase-B haystack: legitimate, correctly-secured product volume.
PRAGMA foreign_keys = ON;

INSERT INTO organizations (id, name, slug, plan_tier, credit_balance) VALUES
  (3, 'Initech', 'initech', 'pro', 5000),
  (4, 'Hooli', 'hooli', 'enterprise', 5000),
  (5, 'Umbrella Co', 'umbrella', 'starter', 250),
  (6, 'Stark Industries', 'stark', 'enterprise', 5000),
  (7, 'Wayne Enterprises', 'wayne', 'pro', 5000),
  (8, 'Cyberdyne Systems', 'cyberdyne', 'starter', 0);


INSERT INTO users (id, org_id, email, full_name, role, is_super_admin, password_hash, internal_notes) VALUES
  (6, 1, 'nancy.harris6@acme.test', 'Nancy Harris', 'admin', 0, '$2b$12$bpwMRSLMArdyTjtVjP2BBOY7u58y7ydIxX5ZulhTNlzYi7dwzgut6', 'Power user.'),
  (7, 1, 'lisa.martin7@acme.test', 'Lisa Martin', 'member', 0, '$2b$12$bpwMRSLMArdyTjtVjP2BBOY7u58y7ydIxX5ZulhTNlzYi7dwzgut6', 'Champion user.'),
  (8, 1, 'susan.white8@acme.test', 'Susan White', 'member', 0, '$2b$12$bpwMRSLMArdyTjtVjP2BBOY7u58y7ydIxX5ZulhTNlzYi7dwzgut6', NULL),
  (9, 1, 'sandra.sanchez9@acme.test', 'Sandra Sanchez', 'member', 0, '$2b$12$bpwMRSLMArdyTjtVjP2BBOY7u58y7ydIxX5ZulhTNlzYi7dwzgut6', NULL),
  (10, 2, 'andrew.thompson10@globex.test', 'Andrew Thompson', 'admin', 0, '$2b$12$bpwMRSLMArdyTjtVjP2BBOY7u58y7ydIxX5ZulhTNlzYi7dwzgut6', 'Champion user.'),
  (11, 2, 'betty.martin11@globex.test', 'Betty Martin', 'member', 0, '$2b$12$bpwMRSLMArdyTjtVjP2BBOY7u58y7ydIxX5ZulhTNlzYi7dwzgut6', 'Power user.'),
  (12, 2, 'mary.thompson12@globex.test', 'Mary Thompson', 'member', 0, '$2b$12$bpwMRSLMArdyTjtVjP2BBOY7u58y7ydIxX5ZulhTNlzYi7dwzgut6', 'Trial - follow up.'),
  (13, 2, 'linda.robinson13@globex.test', 'Linda Robinson', 'member', 0, '$2b$12$bpwMRSLMArdyTjtVjP2BBOY7u58y7ydIxX5ZulhTNlzYi7dwzgut6', NULL),
  (14, 3, 'daniel.robinson14@initech.test', 'Daniel Robinson', 'owner', 0, '$2b$12$bpwMRSLMArdyTjtVjP2BBOY7u58y7ydIxX5ZulhTNlzYi7dwzgut6', 'Trial - follow up.'),
  (15, 3, 'thomas.gonzalez15@initech.test', 'Thomas Gonzalez', 'admin', 0, '$2b$12$bpwMRSLMArdyTjtVjP2BBOY7u58y7ydIxX5ZulhTNlzYi7dwzgut6', 'Trial - follow up.'),
  (16, 3, 'robert.williams16@initech.test', 'Robert Williams', 'member', 0, '$2b$12$bpwMRSLMArdyTjtVjP2BBOY7u58y7ydIxX5ZulhTNlzYi7dwzgut6', NULL),
  (17, 3, 'mark.brown17@initech.test', 'Mark Brown', 'member', 0, '$2b$12$bpwMRSLMArdyTjtVjP2BBOY7u58y7ydIxX5ZulhTNlzYi7dwzgut6', 'Power user.'),
  (18, 4, 'edward.gonzalez18@hooli.test', 'Edward Gonzalez', 'owner', 0, '$2b$12$bpwMRSLMArdyTjtVjP2BBOY7u58y7ydIxX5ZulhTNlzYi7dwzgut6', NULL),
  (19, 4, 'michael.jackson19@hooli.test', 'Michael Jackson', 'admin', 0, '$2b$12$bpwMRSLMArdyTjtVjP2BBOY7u58y7ydIxX5ZulhTNlzYi7dwzgut6', NULL),
  (20, 4, 'paul.lee20@hooli.test', 'Paul Lee', 'member', 0, '$2b$12$bpwMRSLMArdyTjtVjP2BBOY7u58y7ydIxX5ZulhTNlzYi7dwzgut6', NULL),
  (21, 4, 'carol.perez21@hooli.test', 'Carol Perez', 'member', 0, '$2b$12$bpwMRSLMArdyTjtVjP2BBOY7u58y7ydIxX5ZulhTNlzYi7dwzgut6', 'Champion user.'),
  (22, 5, 'joseph.williams22@umbrella.test', 'Joseph Williams', 'owner', 0, '$2b$12$bpwMRSLMArdyTjtVjP2BBOY7u58y7ydIxX5ZulhTNlzYi7dwzgut6', 'Trial - follow up.'),
  (23, 5, 'amanda.martin23@umbrella.test', 'Amanda Martin', 'admin', 0, '$2b$12$bpwMRSLMArdyTjtVjP2BBOY7u58y7ydIxX5ZulhTNlzYi7dwzgut6', NULL),
  (24, 5, 'carol.lopez24@umbrella.test', 'Carol Lopez', 'member', 0, '$2b$12$bpwMRSLMArdyTjtVjP2BBOY7u58y7ydIxX5ZulhTNlzYi7dwzgut6', 'Trial - follow up.'),
  (25, 5, 'emily.lopez25@umbrella.test', 'Emily Lopez', 'member', 0, '$2b$12$bpwMRSLMArdyTjtVjP2BBOY7u58y7ydIxX5ZulhTNlzYi7dwzgut6', 'Power user.'),
  (26, 5, 'patricia.young26@umbrella.test', 'Patricia Young', 'member', 0, '$2b$12$bpwMRSLMArdyTjtVjP2BBOY7u58y7ydIxX5ZulhTNlzYi7dwzgut6', 'Power user.'),
  (27, 5, 'michelle.robinson27@umbrella.test', 'Michelle Robinson', 'member', 0, '$2b$12$bpwMRSLMArdyTjtVjP2BBOY7u58y7ydIxX5ZulhTNlzYi7dwzgut6', NULL),
  (28, 6, 'kim.thompson28@stark.test', 'Kim Thompson', 'owner', 0, '$2b$12$bpwMRSLMArdyTjtVjP2BBOY7u58y7ydIxX5ZulhTNlzYi7dwzgut6', 'Power user.'),
  (29, 6, 'donna.taylor29@stark.test', 'Donna Taylor', 'admin', 0, '$2b$12$bpwMRSLMArdyTjtVjP2BBOY7u58y7ydIxX5ZulhTNlzYi7dwzgut6', NULL),
  (30, 6, 'robert.rodriguez30@stark.test', 'Robert Rodriguez', 'member', 0, '$2b$12$bpwMRSLMArdyTjtVjP2BBOY7u58y7ydIxX5ZulhTNlzYi7dwzgut6', NULL),
  (31, 6, 'william.lee31@stark.test', 'William Lee', 'member', 0, '$2b$12$bpwMRSLMArdyTjtVjP2BBOY7u58y7ydIxX5ZulhTNlzYi7dwzgut6', NULL),
  (32, 6, 'richard.lewis32@stark.test', 'Richard Lewis', 'member', 0, '$2b$12$bpwMRSLMArdyTjtVjP2BBOY7u58y7ydIxX5ZulhTNlzYi7dwzgut6', 'Trial - follow up.'),
  (33, 6, 'thomas.brown33@stark.test', 'Thomas Brown', 'member', 0, '$2b$12$bpwMRSLMArdyTjtVjP2BBOY7u58y7ydIxX5ZulhTNlzYi7dwzgut6', 'Trial - follow up.'),
  (34, 7, 'sandra.thompson34@wayne.test', 'Sandra Thompson', 'owner', 0, '$2b$12$bpwMRSLMArdyTjtVjP2BBOY7u58y7ydIxX5ZulhTNlzYi7dwzgut6', 'Trial - follow up.'),
  (35, 7, 'john.ramirez35@wayne.test', 'John Ramirez', 'admin', 0, '$2b$12$bpwMRSLMArdyTjtVjP2BBOY7u58y7ydIxX5ZulhTNlzYi7dwzgut6', NULL),
  (36, 7, 'elizabeth.brown36@wayne.test', 'Elizabeth Brown', 'member', 0, '$2b$12$bpwMRSLMArdyTjtVjP2BBOY7u58y7ydIxX5ZulhTNlzYi7dwzgut6', 'Power user.'),
  (37, 7, 'ashley.thompson37@wayne.test', 'Ashley Thompson', 'member', 0, '$2b$12$bpwMRSLMArdyTjtVjP2BBOY7u58y7ydIxX5ZulhTNlzYi7dwzgut6', 'Champion user.'),
  (38, 8, 'susan.thompson38@cyberdyne.test', 'Susan Thompson', 'owner', 0, '$2b$12$bpwMRSLMArdyTjtVjP2BBOY7u58y7ydIxX5ZulhTNlzYi7dwzgut6', 'Power user.'),
  (39, 8, 'amanda.taylor39@cyberdyne.test', 'Amanda Taylor', 'admin', 0, '$2b$12$bpwMRSLMArdyTjtVjP2BBOY7u58y7ydIxX5ZulhTNlzYi7dwzgut6', 'Power user.'),
  (40, 8, 'susan.gonzalez40@cyberdyne.test', 'Susan Gonzalez', 'member', 0, '$2b$12$bpwMRSLMArdyTjtVjP2BBOY7u58y7ydIxX5ZulhTNlzYi7dwzgut6', NULL),
  (41, 8, 'steven.sanchez41@cyberdyne.test', 'Steven Sanchez', 'member', 0, '$2b$12$bpwMRSLMArdyTjtVjP2BBOY7u58y7ydIxX5ZulhTNlzYi7dwzgut6', 'Trial - follow up.');


INSERT INTO labels (id, org_id, name, color) VALUES
  (1, 1, 'blocked', 'orange'),
  (2, 1, 'backend', 'blue'),
  (3, 1, 'chore', 'slate'),
  (4, 1, 'feature', 'green'),
  (5, 1, 'frontend', 'violet'),
  (6, 1, 'docs', 'cyan'),
  (7, 2, 'good-first-issue', 'teal'),
  (8, 2, 'urgent', 'amber'),
  (9, 2, 'design', 'pink'),
  (10, 2, 'feature', 'green'),
  (11, 2, 'frontend', 'violet'),
  (12, 2, 'blocked', 'orange'),
  (13, 3, 'frontend', 'violet'),
  (14, 3, 'bug', 'red'),
  (15, 3, 'blocked', 'orange'),
  (16, 3, 'backend', 'blue'),
  (17, 3, 'design', 'pink'),
  (18, 3, 'feature', 'green'),
  (19, 3, 'urgent', 'amber'),
  (20, 4, 'blocked', 'orange'),
  (21, 4, 'frontend', 'violet'),
  (22, 4, 'design', 'pink'),
  (23, 4, 'docs', 'cyan'),
  (24, 4, 'chore', 'slate'),
  (25, 4, 'feature', 'green'),
  (26, 5, 'docs', 'cyan'),
  (27, 5, 'design', 'pink'),
  (28, 5, 'blocked', 'orange'),
  (29, 5, 'feature', 'green'),
  (30, 5, 'backend', 'blue'),
  (31, 5, 'chore', 'slate'),
  (32, 6, 'urgent', 'amber'),
  (33, 6, 'design', 'pink'),
  (34, 6, 'feature', 'green'),
  (35, 6, 'good-first-issue', 'teal'),
  (36, 6, 'frontend', 'violet'),
  (37, 6, 'bug', 'red'),
  (38, 6, 'chore', 'slate'),
  (39, 7, 'backend', 'blue'),
  (40, 7, 'docs', 'cyan'),
  (41, 7, 'design', 'pink'),
  (42, 7, 'feature', 'green'),
  (43, 7, 'bug', 'red'),
  (44, 8, 'good-first-issue', 'teal'),
  (45, 8, 'design', 'pink'),
  (46, 8, 'urgent', 'amber'),
  (47, 8, 'frontend', 'violet'),
  (48, 8, 'docs', 'cyan'),
  (49, 8, 'bug', 'red'),
  (50, 8, 'feature', 'green');


INSERT INTO projects (id, org_id, name, description, status, created_by_id, deleted_at, created_at) VALUES
  (7, 1, 'API v2', 'Migrating off the legacy stack incrementally.', 'active', 5, NULL, '2025-07-29T00:00:00'),
  (8, 1, 'Q1 Support Portal', 'Compliance-driven; deadline is firm.', 'active', 7, NULL, '2025-06-26T00:00:00'),
  (9, 1, 'Performance', 'Owned by the platform team; high priority.', 'archived', 2, NULL, '2025-09-25T00:00:00'),
  (10, 1, 'Q1 Performance', 'Compliance-driven; deadline is firm.', 'archived', 8, NULL, '2026-05-11T00:00:00'),
  (11, 1, 'Q2 Compliance', 'Compliance-driven; deadline is firm.', 'active', 2, NULL, '2026-04-30T00:00:00'),
  (12, 1, 'Legacy Data Lake', 'Migrating off the legacy stack incrementally.', 'archived', 9, NULL, '2026-05-09T00:00:00'),
  (13, 1, 'Customer Reporting', 'Compliance-driven; deadline is firm.', 'active', 1, NULL, '2026-05-14T00:00:00'),
  (14, 1, 'Q4 Performance', 'Cross-team initiative tracked for this quarter.', 'active', 2, NULL, '2026-04-11T00:00:00'),
  (15, 1, 'Q2 Dashboard', 'Cross-team initiative tracked for this quarter.', 'archived', 2, NULL, '2025-10-13T00:00:00'),
  (16, 1, 'Q3 Support Portal', 'Customer-requested; tied to a renewal.', 'archived', 7, NULL, '2025-09-21T00:00:00'),
  (17, 2, 'Q1 Redesign', 'Owned by the platform team; high priority.', 'active', 13, NULL, '2025-11-18T00:00:00'),
  (18, 2, 'Q4 Identity', 'Internal tooling to reduce manual ops.', 'archived', 3, '2026-06-04T00:00:00', '2025-08-13T00:00:00'),
  (19, 2, 'Q1 Performance', 'Internal tooling to reduce manual ops.', 'archived', 12, NULL, '2025-12-26T00:00:00'),
  (20, 2, 'Q2 Pricing', 'Migrating off the legacy stack incrementally.', 'active', 11, NULL, '2025-09-15T00:00:00'),
  (21, 2, 'Internal Migration', 'Cross-team initiative tracked for this quarter.', 'active', 3, '2026-05-12T00:00:00', '2026-04-24T00:00:00'),
  (22, 2, 'Internal Marketing Site', 'Cross-team initiative tracked for this quarter.', 'archived', 4, NULL, '2025-09-09T00:00:00'),
  (23, 2, 'Q2 Compliance', 'Internal tooling to reduce manual ops.', 'active', 3, NULL, '2025-06-28T00:00:00'),
  (24, 2, 'New Billing', 'Experimental - may be cut next planning cycle.', 'archived', 12, NULL, '2026-04-10T00:00:00'),
  (25, 2, 'Q3 Checkout', 'Internal tooling to reduce manual ops.', 'active', 11, NULL, '2025-08-15T00:00:00'),
  (26, 3, 'Q1 Pricing', 'Migrating off the legacy stack incrementally.', 'active', 17, NULL, '2025-12-06T00:00:00'),
  (27, 3, 'Reporting', 'Cross-team initiative tracked for this quarter.', 'active', 15, NULL, '2025-08-19T00:00:00'),
  (28, 3, 'Pricing', 'Cross-team initiative tracked for this quarter.', 'active', 17, NULL, '2025-10-29T00:00:00'),
  (29, 3, 'Performance', 'Compliance-driven; deadline is firm.', 'active', 17, NULL, '2025-09-30T00:00:00'),
  (30, 3, 'Q1 Notifications', 'Cross-team initiative tracked for this quarter.', 'archived', 15, NULL, '2025-09-28T00:00:00'),
  (31, 3, 'Internal Webhooks', 'Owned by the platform team; high priority.', 'active', 14, '2026-06-10T00:00:00', '2025-07-08T00:00:00'),
  (32, 3, 'Customer Billing', 'Customer-requested; tied to a renewal.', 'active', 16, NULL, '2025-09-16T00:00:00'),
  (33, 3, 'Internal Redesign', 'Experimental - may be cut next planning cycle.', 'active', 15, NULL, '2025-07-18T00:00:00'),
  (34, 3, 'Legacy Infrastructure', 'Customer-requested; tied to a renewal.', 'active', 16, NULL, '2026-01-10T00:00:00'),
  (35, 3, 'Q2 Webhooks', 'Compliance-driven; deadline is firm.', 'active', 15, NULL, '2025-05-29T00:00:00'),
  (36, 4, 'Q2 Migration', 'Migrating off the legacy stack incrementally.', 'active', 18, '2026-05-28T00:00:00', '2026-02-08T00:00:00'),
  (37, 4, 'Q1 Webhooks', 'Compliance-driven; deadline is firm.', 'archived', 21, NULL, '2025-10-27T00:00:00'),
  (38, 4, 'Q1 Compliance', 'Compliance-driven; deadline is firm.', 'active', 20, NULL, '2026-01-31T00:00:00'),
  (39, 4, 'New Support Portal', 'Cross-team initiative tracked for this quarter.', 'active', 19, NULL, '2025-12-21T00:00:00'),
  (40, 4, 'New Notifications', 'Cross-team initiative tracked for this quarter.', 'active', 20, NULL, '2026-01-11T00:00:00'),
  (41, 4, 'Customer Notifications', 'Internal tooling to reduce manual ops.', 'active', 20, NULL, '2025-12-31T00:00:00'),
  (42, 4, 'Notifications', 'Customer-requested; tied to a renewal.', 'active', 21, NULL, '2025-09-08T00:00:00'),
  (43, 4, 'Internal Billing', 'Customer-requested; tied to a renewal.', 'archived', 18, NULL, '2026-04-14T00:00:00'),
  (44, 4, 'Q3 Pricing', 'Experimental - may be cut next planning cycle.', 'archived', 19, NULL, '2025-08-26T00:00:00'),
  (45, 5, 'Customer Identity', 'Owned by the platform team; high priority.', 'archived', 26, NULL, '2025-11-02T00:00:00'),
  (46, 5, 'Customer Webhooks', 'Migrating off the legacy stack incrementally.', 'archived', 24, NULL, '2026-03-16T00:00:00'),
  (47, 5, 'Q4 Performance', 'Cross-team initiative tracked for this quarter.', 'active', 24, NULL, '2026-03-31T00:00:00'),
  (48, 5, 'Q2 Onboarding', 'Internal tooling to reduce manual ops.', 'active', 23, NULL, '2026-03-20T00:00:00'),
  (49, 5, 'Q2 Checkout', 'Compliance-driven; deadline is firm.', 'archived', 24, NULL, '2025-10-11T00:00:00'),
  (50, 5, 'New Platform', 'Customer-requested; tied to a renewal.', 'active', 27, NULL, '2025-07-06T00:00:00'),
  (51, 5, 'New Data Lake', 'Owned by the platform team; high priority.', 'active', 26, NULL, '2026-03-04T00:00:00'),
  (52, 5, 'Q3 Pricing', 'Cross-team initiative tracked for this quarter.', 'active', 27, NULL, '2025-07-07T00:00:00'),
  (53, 5, 'Identity', 'Experimental - may be cut next planning cycle.', 'active', 24, NULL, '2026-03-04T00:00:00'),
  (54, 5, 'Internal Mobile', 'Migrating off the legacy stack incrementally.', 'active', 24, NULL, '2025-12-15T00:00:00'),
  (55, 5, 'Customer Notifications', 'Cross-team initiative tracked for this quarter.', 'active', 25, '2026-05-11T00:00:00', '2025-10-10T00:00:00'),
  (56, 6, 'Customer Mobile', 'Owned by the platform team; high priority.', 'archived', 28, NULL, '2026-05-19T00:00:00'),
  (57, 6, 'New Billing', 'Internal tooling to reduce manual ops.', 'archived', 32, NULL, '2025-11-28T00:00:00'),
  (58, 6, 'Q4 Data Lake', 'Compliance-driven; deadline is firm.', 'active', 32, NULL, '2026-01-07T00:00:00'),
  (59, 6, 'Internal Data Lake', 'Owned by the platform team; high priority.', 'active', 32, NULL, '2025-08-26T00:00:00'),
  (60, 6, 'Legacy Integration', 'Experimental - may be cut next planning cycle.', 'active', 28, NULL, '2026-01-23T00:00:00'),
  (61, 6, 'New Localization', 'Experimental - may be cut next planning cycle.', 'active', 30, NULL, '2025-10-09T00:00:00'),
  (62, 6, 'Q2 Checkout', 'Migrating off the legacy stack incrementally.', 'active', 33, NULL, '2025-06-11T00:00:00'),
  (63, 6, 'Legacy Integration', 'Experimental - may be cut next planning cycle.', 'active', 33, NULL, '2025-09-16T00:00:00'),
  (64, 6, 'New Billing', 'Migrating off the legacy stack incrementally.', 'archived', 30, NULL, '2025-07-31T00:00:00'),
  (65, 6, 'Q2 API v2', 'Customer-requested; tied to a renewal.', 'active', 32, NULL, '2025-07-23T00:00:00'),
  (66, 6, 'New Checkout', 'Migrating off the legacy stack incrementally.', 'archived', 29, NULL, '2025-06-06T00:00:00'),
  (67, 7, 'Customer Notifications', 'Owned by the platform team; high priority.', 'active', 35, NULL, '2025-11-14T00:00:00'),
  (68, 7, 'Q4 Billing', 'Cross-team initiative tracked for this quarter.', 'archived', 36, NULL, '2025-09-09T00:00:00'),
  (69, 7, 'Q4 Redesign', 'Owned by the platform team; high priority.', 'active', 34, NULL, '2025-06-02T00:00:00'),
  (70, 7, 'Q3 Compliance', 'Compliance-driven; deadline is firm.', 'archived', 37, NULL, '2026-04-03T00:00:00'),
  (71, 7, 'Platform', 'Migrating off the legacy stack incrementally.', 'active', 34, NULL, '2025-08-07T00:00:00'),
  (72, 7, 'Legacy Checkout', 'Experimental - may be cut next planning cycle.', 'active', 36, NULL, '2025-09-07T00:00:00'),
  (73, 7, 'Q2 Notifications', 'Migrating off the legacy stack incrementally.', 'active', 37, NULL, '2026-03-29T00:00:00'),
  (74, 7, 'Legacy Search', 'Owned by the platform team; high priority.', 'active', 34, NULL, '2025-05-25T00:00:00'),
  (75, 8, 'Q4 Redesign', 'Cross-team initiative tracked for this quarter.', 'active', 39, NULL, '2025-08-23T00:00:00'),
  (76, 8, 'Q2 Reporting', 'Compliance-driven; deadline is firm.', 'active', 39, NULL, '2026-01-05T00:00:00'),
  (77, 8, 'New Marketing Site', 'Compliance-driven; deadline is firm.', 'active', 41, NULL, '2026-02-12T00:00:00'),
  (78, 8, 'Q4 API v2', 'Compliance-driven; deadline is firm.', 'active', 40, NULL, '2025-11-08T00:00:00'),
  (79, 8, 'Q1 Localization', 'Migrating off the legacy stack incrementally.', 'active', 39, NULL, '2025-09-04T00:00:00'),
  (80, 8, 'New Notifications', 'Owned by the platform team; high priority.', 'archived', 41, NULL, '2025-10-12T00:00:00'),
  (81, 8, 'Q4 Data Lake', 'Experimental - may be cut next planning cycle.', 'active', 40, NULL, '2026-04-24T00:00:00'),
  (82, 8, 'Internal API v2', 'Experimental - may be cut next planning cycle.', 'active', 39, NULL, '2025-12-14T00:00:00'),
  (83, 8, 'Q4 Billing', 'Experimental - may be cut next planning cycle.', 'active', 39, NULL, '2025-07-02T00:00:00'),
  (84, 8, 'Internal Mobile', 'Experimental - may be cut next planning cycle.', 'active', 38, NULL, '2025-11-12T00:00:00');


INSERT INTO tasks (id, project_id, org_id, title, body, assignee_id, status, priority, due_date, created_at) VALUES
  (7, 7, 1, 'Polish the billing cron', 'Carry-over from last sprint.', 9, 'done', 'high', NULL, '2025-08-24T00:00:00'),
  (8, 7, 1, 'Test the billing cron', 'Carry-over from last sprint.', 2, 'in_progress', 'medium', NULL, '2026-04-07T00:00:00'),
  (9, 7, 1, 'Audit the email templates', 'Low risk; ship behind a flag.', 8, 'done', 'high', NULL, '2025-07-17T00:00:00'),
  (10, 7, 1, 'Wire up the export job', 'Carry-over from last sprint.', 5, 'open', 'medium', NULL, '2025-09-27T00:00:00'),
  (11, 7, 1, 'Document the settings page', 'Should be a quick one.', 5, 'open', 'high', NULL, '2026-03-04T00:00:00'),
  (12, 7, 1, 'Wire up the notification badges', 'Carry-over from last sprint.', 2, 'in_progress', 'medium', NULL, '2026-02-20T00:00:00'),
  (13, 8, 1, 'Fix the login flow', 'Should be a quick one.', 7, 'done', 'high', NULL, '2025-12-30T00:00:00'),
  (14, 8, 1, 'Polish the settings page', 'See the thread in #eng.', 8, 'in_progress', 'low', '2026-06-14', '2025-10-29T00:00:00'),
  (15, 8, 1, 'Refactor the notification badges', 'Needs a follow-up with the data team.', 6, 'done', 'medium', '2026-07-01', '2025-10-20T00:00:00'),
  (16, 8, 1, 'Refactor the dashboard charts', 'Coordinate with QA before merging.', 7, 'done', 'high', '2026-06-29', '2025-12-24T00:00:00'),
  (17, 9, 1, 'Audit rate limiting', 'See the thread in #eng.', 6, 'open', 'high', NULL, '2025-12-26T00:00:00'),
  (18, 9, 1, 'Investigate the API docs', 'Blocked on design sign-off.', 1, 'done', 'high', '2026-06-24', '2025-07-19T00:00:00'),
  (19, 9, 1, 'Design rate limiting', 'Low risk; ship behind a flag.', 1, 'done', 'high', NULL, '2025-07-01T00:00:00'),
  (20, 9, 1, 'Deploy the CSV importer', 'Blocked on design sign-off.', 2, 'in_progress', 'high', '2026-07-02', '2026-02-24T00:00:00'),
  (21, 9, 1, 'Migrate the login flow', 'Needs a follow-up with the data team.', 1, 'done', 'medium', '2026-06-28', '2025-09-28T00:00:00'),
  (22, 9, 1, 'Document the role checks', 'Should be a quick one.', 7, 'done', 'medium', NULL, '2026-02-06T00:00:00'),
  (23, 10, 1, 'Fix the dashboard charts', 'Acceptance criteria in the linked doc.', 7, 'done', 'low', NULL, '2025-10-07T00:00:00'),
  (24, 10, 1, 'Test the billing cron', 'Coordinate with QA before merging.', 5, 'done', 'medium', NULL, '2026-02-20T00:00:00'),
  (25, 10, 1, 'Investigate the CSV importer', 'Needs a follow-up with the data team.', 2, 'in_progress', 'high', '2026-07-09', '2026-04-23T00:00:00'),
  (26, 11, 1, 'Design the dashboard charts', 'Should be a quick one.', 8, 'open', 'medium', NULL, '2026-06-01T00:00:00'),
  (27, 11, 1, 'Fix the billing cron', 'Needs a follow-up with the data team.', 6, 'done', 'high', NULL, '2026-04-23T00:00:00'),
  (28, 11, 1, 'Fix the dark mode styles', 'Needs a follow-up with the data team.', 2, 'done', 'medium', NULL, '2025-12-15T00:00:00'),
  (29, 11, 1, 'Refactor the billing cron', 'Low risk; ship behind a flag.', 9, 'in_progress', 'low', NULL, '2026-05-31T00:00:00'),
  (30, 11, 1, 'Polish rate limiting', 'Blocked on design sign-off.', 6, 'done', 'low', NULL, '2025-10-01T00:00:00'),
  (31, 11, 1, 'Wire up the settings page', 'Carry-over from last sprint.', 8, 'done', 'medium', NULL, '2025-08-03T00:00:00'),
  (32, 11, 1, 'Deploy the dark mode styles', 'See the thread in #eng.', 6, 'open', 'low', NULL, '2026-02-28T00:00:00'),
  (33, 12, 1, 'Fix the CSV importer', 'Acceptance criteria in the linked doc.', 9, 'in_progress', 'medium', NULL, '2026-02-27T00:00:00'),
  (34, 12, 1, 'Wire up the role checks', 'See the thread in #eng.', 1, 'done', 'medium', NULL, '2025-11-08T00:00:00'),
  (35, 12, 1, 'Refactor the dashboard charts', 'Should be a quick one.', 6, 'done', 'medium', '2026-07-15', '2026-06-12T00:00:00'),
  (36, 12, 1, 'Fix the onboarding wizard', 'See the thread in #eng.', 1, 'done', 'high', '2026-07-10', '2026-03-24T00:00:00'),
  (37, 12, 1, 'Audit the billing cron', 'Needs a follow-up with the data team.', 5, 'done', 'low', NULL, '2026-02-01T00:00:00'),
  (38, 13, 1, 'Deploy the notification badges', 'Coordinate with QA before merging.', 1, 'in_progress', 'medium', NULL, '2025-06-22T00:00:00'),
  (39, 13, 1, 'Design the role checks', 'Blocked on design sign-off.', 9, 'open', 'medium', NULL, '2025-06-13T00:00:00'),
  (40, 13, 1, 'Polish the audit log viewer', 'See the thread in #eng.', 5, 'done', 'low', NULL, '2025-12-03T00:00:00'),
  (41, 13, 1, 'Triage the webhook retries', 'Needs a follow-up with the data team.', 9, 'open', 'low', NULL, '2025-07-02T00:00:00'),
  (42, 13, 1, 'Design the billing cron', 'See the thread in #eng.', 8, 'in_progress', 'medium', NULL, '2025-12-31T00:00:00'),
  (43, 14, 1, 'Polish the webhook retries', 'Low risk; ship behind a flag.', 6, 'done', 'medium', NULL, '2026-05-09T00:00:00'),
  (44, 14, 1, 'Review the settings page', 'Acceptance criteria in the linked doc.', 1, 'done', 'high', NULL, '2026-05-14T00:00:00'),
  (45, 14, 1, 'Wire up the API docs', 'Acceptance criteria in the linked doc.', 7, 'in_progress', 'high', '2026-06-23', '2026-05-22T00:00:00'),
  (46, 14, 1, 'Test the billing cron', 'See the thread in #eng.', 8, 'done', 'high', NULL, '2026-02-09T00:00:00'),
  (47, 15, 1, 'Fix the audit log viewer', 'Should be a quick one.', 1, 'in_progress', 'high', '2026-06-18', '2025-08-07T00:00:00'),
  (48, 15, 1, 'Fix the export job', 'Blocked on design sign-off.', 1, 'done', 'low', NULL, '2026-03-23T00:00:00'),
  (49, 15, 1, 'Spike the search index', 'Carry-over from last sprint.', 9, 'done', 'medium', NULL, '2025-10-02T00:00:00'),
  (50, 15, 1, 'Triage the settings page', 'Coordinate with QA before merging.', 7, 'in_progress', 'high', '2026-06-22', '2026-01-14T00:00:00'),
  (51, 15, 1, 'Test pagination', 'Carry-over from last sprint.', 2, 'done', 'medium', NULL, '2025-12-13T00:00:00'),
  (52, 16, 1, 'Wire up the webhook retries', 'Carry-over from last sprint.', 5, 'done', 'high', '2026-07-12', '2025-10-28T00:00:00'),
  (53, 16, 1, 'Test rate limiting', 'Needs a follow-up with the data team.', 7, 'open', 'high', NULL, '2026-01-30T00:00:00'),
  (54, 16, 1, 'Review the onboarding wizard', 'Needs a follow-up with the data team.', 5, 'open', 'high', '2026-06-27', '2026-02-28T00:00:00'),
  (55, 16, 1, 'Test rate limiting', 'Should be a quick one.', 6, 'in_progress', 'low', '2026-06-22', '2026-06-16T00:00:00'),
  (56, 16, 1, 'Implement the audit log viewer', 'Should be a quick one.', 9, 'done', 'medium', '2026-06-23', '2026-02-18T00:00:00'),
  (57, 17, 2, 'Polish the CSV importer', 'Carry-over from last sprint.', 4, 'done', 'medium', NULL, '2025-07-16T00:00:00'),
  (58, 17, 2, 'Migrate the email templates', 'Carry-over from last sprint.', 11, 'in_progress', 'medium', NULL, '2026-06-06T00:00:00'),
  (59, 17, 2, 'Migrate the role checks', 'Carry-over from last sprint.', 13, 'done', 'medium', NULL, '2025-10-13T00:00:00'),
  (60, 17, 2, 'Migrate the search index', 'Should be a quick one.', 12, 'done', 'low', '2026-07-11', '2025-07-21T00:00:00'),
  (61, 18, 2, 'Design the billing cron', 'Carry-over from last sprint.', 10, 'in_progress', 'high', NULL, '2025-12-19T00:00:00'),
  (62, 18, 2, 'Review the webhook retries', 'Carry-over from last sprint.', 10, 'in_progress', 'high', '2026-06-05', '2026-05-31T00:00:00'),
  (63, 18, 2, 'Document the billing cron', 'Should be a quick one.', 3, 'done', 'medium', NULL, '2026-01-24T00:00:00'),
  (64, 18, 2, 'Review the billing cron', 'Blocked on design sign-off.', 13, 'done', 'high', '2026-07-07', '2026-05-10T00:00:00'),
  (65, 19, 2, 'Implement the webhook retries', 'Blocked on design sign-off.', 13, 'done', 'high', NULL, '2025-11-30T00:00:00'),
  (66, 19, 2, 'Implement the bulk-edit modal', 'Should be a quick one.', 13, 'in_progress', 'low', '2026-06-02', '2026-03-20T00:00:00'),
  (67, 19, 2, 'Audit the export job', 'Acceptance criteria in the linked doc.', 4, 'done', 'high', '2026-07-07', '2026-01-21T00:00:00'),
  (68, 19, 2, 'Review the dark mode styles', 'Should be a quick one.', 12, 'done', 'high', NULL, '2026-02-03T00:00:00'),
  (69, 19, 2, 'Investigate the CSV importer', 'Low risk; ship behind a flag.', 3, 'done', 'medium', NULL, '2025-09-21T00:00:00'),
  (70, 20, 2, 'Audit the search index', 'Acceptance criteria in the linked doc.', 12, 'in_progress', 'low', '2026-06-27', '2025-06-24T00:00:00'),
  (71, 20, 2, 'Refactor the dashboard charts', 'Blocked on design sign-off.', 3, 'in_progress', 'medium', '2026-07-08', '2025-08-27T00:00:00'),
  (72, 20, 2, 'Polish rate limiting', 'Needs a follow-up with the data team.', 10, 'done', 'high', NULL, '2025-08-03T00:00:00'),
  (73, 20, 2, 'Design the audit log viewer', 'Should be a quick one.', 12, 'in_progress', 'medium', NULL, '2025-06-24T00:00:00'),
  (74, 20, 2, 'Triage rate limiting', 'Acceptance criteria in the linked doc.', 3, 'open', 'low', NULL, '2026-02-08T00:00:00'),
  (75, 20, 2, 'Review the webhook retries', 'See the thread in #eng.', 3, 'in_progress', 'high', '2026-06-19', '2025-08-24T00:00:00'),
  (76, 20, 2, 'Migrate the dark mode styles', 'Acceptance criteria in the linked doc.', 4, 'open', 'medium', '2026-07-12', '2026-03-29T00:00:00'),
  (77, 20, 2, 'Design the bulk-edit modal', 'Blocked on design sign-off.', 12, 'open', 'medium', NULL, '2026-03-30T00:00:00'),
  (78, 21, 2, 'Design the onboarding wizard', 'Should be a quick one.', 11, 'in_progress', 'low', '2026-05-31', '2025-08-28T00:00:00'),
  (79, 21, 2, 'Wire up pagination', 'See the thread in #eng.', 13, 'done', 'high', '2026-07-08', '2026-03-29T00:00:00'),
  (80, 21, 2, 'Spike the dashboard charts', 'Coordinate with QA before merging.', 12, 'open', 'low', NULL, '2026-01-30T00:00:00'),
  (81, 21, 2, 'Refactor the dark mode styles', 'Low risk; ship behind a flag.', 13, 'done', 'high', '2026-06-03', '2025-11-16T00:00:00'),
  (82, 21, 2, 'Audit the email templates', 'Blocked on design sign-off.', 10, 'open', 'low', NULL, '2025-12-05T00:00:00'),
  (83, 21, 2, 'Fix the settings page', 'Acceptance criteria in the linked doc.', 13, 'done', 'medium', NULL, '2026-03-04T00:00:00'),
  (84, 22, 2, 'Deploy the role checks', 'Blocked on design sign-off.', 4, 'open', 'medium', NULL, '2026-04-15T00:00:00'),
  (85, 22, 2, 'Document rate limiting', 'Low risk; ship behind a flag.', 3, 'done', 'low', NULL, '2025-12-25T00:00:00'),
  (86, 22, 2, 'Refactor the CSV importer', 'See the thread in #eng.', 13, 'done', 'medium', NULL, '2026-03-25T00:00:00'),
  (87, 22, 2, 'Migrate the onboarding wizard', 'See the thread in #eng.', 3, 'in_progress', 'medium', '2026-07-10', '2025-08-03T00:00:00'),
  (88, 22, 2, 'Review the settings page', 'See the thread in #eng.', 10, 'open', 'medium', NULL, '2025-09-17T00:00:00'),
  (89, 22, 2, 'Investigate the dark mode styles', 'Low risk; ship behind a flag.', 4, 'done', 'high', '2026-06-02', '2026-06-13T00:00:00'),
  (90, 22, 2, 'Spike the billing cron', 'Carry-over from last sprint.', 10, 'done', 'low', NULL, '2026-02-02T00:00:00'),
  (91, 23, 2, 'Wire up the login flow', 'Carry-over from last sprint.', 12, 'in_progress', 'medium', '2026-07-14', '2025-11-01T00:00:00'),
  (92, 23, 2, 'Deploy the CSV importer', 'Carry-over from last sprint.', 13, 'done', 'medium', NULL, '2026-01-11T00:00:00'),
  (93, 23, 2, 'Review the dark mode styles', 'Blocked on design sign-off.', 13, 'done', 'low', '2026-07-11', '2026-04-22T00:00:00'),
  (94, 23, 2, 'Polish the API docs', 'Low risk; ship behind a flag.', 12, 'done', 'medium', '2026-06-04', '2025-08-10T00:00:00'),
  (95, 23, 2, 'Deploy the dark mode styles', 'Acceptance criteria in the linked doc.', 10, 'done', 'high', NULL, '2025-11-11T00:00:00'),
  (96, 24, 2, 'Wire up the email templates', 'Carry-over from last sprint.', 3, 'done', 'high', NULL, '2025-12-02T00:00:00'),
  (97, 24, 2, 'Spike the search index', 'Acceptance criteria in the linked doc.', 13, 'done', 'medium', NULL, '2025-07-08T00:00:00'),
  (98, 24, 2, 'Fix the dark mode styles', 'Needs a follow-up with the data team.', 11, 'open', 'high', NULL, '2025-07-18T00:00:00'),
  (99, 24, 2, 'Audit the API docs', 'Coordinate with QA before merging.', 4, 'in_progress', 'medium', NULL, '2026-05-30T00:00:00'),
  (100, 24, 2, 'Document the bulk-edit modal', 'Should be a quick one.', 10, 'done', 'medium', '2026-06-23', '2026-01-28T00:00:00'),
  (101, 24, 2, 'Investigate the login flow', 'See the thread in #eng.', 4, 'open', 'medium', '2026-06-27', '2025-12-08T00:00:00'),
  (102, 25, 2, 'Triage the webhook retries', 'Acceptance criteria in the linked doc.', 11, 'done', 'low', '2026-06-28', '2025-10-26T00:00:00'),
  (103, 25, 2, 'Investigate the dashboard charts', 'Needs a follow-up with the data team.', 10, 'open', 'high', '2026-07-13', '2025-11-09T00:00:00'),
  (104, 25, 2, 'Audit the onboarding wizard', 'Blocked on design sign-off.', 11, 'done', 'high', NULL, '2025-06-13T00:00:00'),
  (105, 25, 2, 'Polish the role checks', 'Low risk; ship behind a flag.', 10, 'done', 'low', NULL, '2026-03-27T00:00:00'),
  (106, 25, 2, 'Fix the login flow', 'See the thread in #eng.', 12, 'done', 'medium', '2026-07-13', '2025-08-01T00:00:00'),
  (107, 25, 2, 'Investigate the role checks', 'Low risk; ship behind a flag.', 13, 'in_progress', 'low', '2026-06-04', '2026-02-07T00:00:00'),
  (108, 25, 2, 'Document the login flow', 'Low risk; ship behind a flag.', 12, 'done', 'medium', NULL, '2025-07-12T00:00:00'),
  (109, 25, 2, 'Design the settings page', 'Low risk; ship behind a flag.', 4, 'open', 'low', NULL, '2025-07-20T00:00:00'),
  (110, 26, 3, 'Investigate the webhook retries', 'Blocked on design sign-off.', 15, 'done', 'high', NULL, '2026-05-05T00:00:00'),
  (111, 26, 3, 'Spike the dashboard charts', 'See the thread in #eng.', 16, 'open', 'medium', NULL, '2025-07-22T00:00:00'),
  (112, 26, 3, 'Audit the notification badges', 'Coordinate with QA before merging.', 16, 'done', 'medium', '2026-06-25', '2026-03-15T00:00:00'),
  (113, 26, 3, 'Deploy the onboarding wizard', 'Blocked on design sign-off.', 16, 'done', 'medium', NULL, '2026-02-01T00:00:00'),
  (114, 26, 3, 'Design pagination', 'Blocked on design sign-off.', 17, 'in_progress', 'high', NULL, '2025-12-25T00:00:00'),
  (115, 26, 3, 'Triage the API docs', 'Should be a quick one.', 15, 'in_progress', 'low', '2026-07-14', '2026-03-31T00:00:00'),
  (116, 27, 3, 'Polish the audit log viewer', 'Blocked on design sign-off.', 16, 'done', 'low', '2026-07-18', '2025-11-26T00:00:00'),
  (117, 27, 3, 'Deploy the export job', 'Should be a quick one.', 15, 'open', 'medium', '2026-05-31', '2025-06-29T00:00:00'),
  (118, 27, 3, 'Test the role checks', 'Needs a follow-up with the data team.', 14, 'done', 'medium', '2026-07-15', '2025-09-26T00:00:00'),
  (119, 28, 3, 'Audit the notification badges', 'Acceptance criteria in the linked doc.', 17, 'open', 'medium', NULL, '2026-01-15T00:00:00'),
  (120, 28, 3, 'Triage the billing cron', 'Should be a quick one.', 17, 'in_progress', 'high', NULL, '2026-03-23T00:00:00'),
  (121, 28, 3, 'Design the notification badges', 'Low risk; ship behind a flag.', 17, 'done', 'high', NULL, '2025-09-19T00:00:00'),
  (122, 28, 3, 'Migrate the login flow', 'Coordinate with QA before merging.', 16, 'in_progress', 'high', NULL, '2026-05-16T00:00:00'),
  (123, 28, 3, 'Investigate the API docs', 'Blocked on design sign-off.', 14, 'done', 'low', NULL, '2026-04-23T00:00:00'),
  (124, 29, 3, 'Document the role checks', 'See the thread in #eng.', 16, 'done', 'medium', NULL, '2026-04-12T00:00:00'),
  (125, 29, 3, 'Design the settings page', 'Low risk; ship behind a flag.', 16, 'done', 'low', '2026-07-04', '2025-10-30T00:00:00'),
  (126, 29, 3, 'Spike the API docs', 'Acceptance criteria in the linked doc.', 14, 'done', 'medium', NULL, '2026-02-20T00:00:00'),
  (127, 29, 3, 'Spike the export job', 'Acceptance criteria in the linked doc.', 17, 'done', 'high', NULL, '2026-04-17T00:00:00'),
  (128, 29, 3, 'Test the search index', 'Needs a follow-up with the data team.', 15, 'open', 'low', NULL, '2025-09-28T00:00:00'),
  (129, 30, 3, 'Implement the notification badges', 'Blocked on design sign-off.', 14, 'in_progress', 'high', NULL, '2026-05-21T00:00:00'),
  (130, 30, 3, 'Design the onboarding wizard', 'Carry-over from last sprint.', 15, 'done', 'medium', '2026-07-05', '2025-10-01T00:00:00'),
  (131, 30, 3, 'Document the email templates', 'Blocked on design sign-off.', 16, 'done', 'medium', '2026-06-24', '2026-06-18T00:00:00'),
  (132, 30, 3, 'Test the audit log viewer', 'Carry-over from last sprint.', 15, 'in_progress', 'high', NULL, '2025-07-10T00:00:00'),
  (133, 30, 3, 'Test the dark mode styles', 'Carry-over from last sprint.', 16, 'done', 'high', NULL, '2026-05-31T00:00:00'),
  (134, 30, 3, 'Document the login flow', 'See the thread in #eng.', 14, 'done', 'high', '2026-06-16', '2026-06-05T00:00:00'),
  (135, 30, 3, 'Audit the search index', 'See the thread in #eng.', 16, 'done', 'medium', '2026-06-30', '2026-05-14T00:00:00'),
  (136, 31, 3, 'Triage the settings page', 'Low risk; ship behind a flag.', 14, 'done', 'medium', '2026-07-04', '2025-08-19T00:00:00'),
  (137, 31, 3, 'Review the dashboard charts', 'Low risk; ship behind a flag.', 17, 'done', 'high', NULL, '2026-06-18T00:00:00'),
  (138, 31, 3, 'Refactor the search index', 'Acceptance criteria in the linked doc.', 16, 'open', 'high', '2026-06-20', '2026-05-12T00:00:00'),
  (139, 31, 3, 'Deploy the audit log viewer', 'Low risk; ship behind a flag.', 17, 'done', 'low', '2026-06-14', '2025-10-19T00:00:00'),
  (140, 32, 3, 'Document the dashboard charts', 'Carry-over from last sprint.', 17, 'done', 'high', NULL, '2025-07-18T00:00:00'),
  (141, 32, 3, 'Review the billing cron', 'Acceptance criteria in the linked doc.', 15, 'open', 'low', NULL, '2025-11-15T00:00:00'),
  (142, 32, 3, 'Polish the onboarding wizard', 'Coordinate with QA before merging.', 17, 'open', 'medium', NULL, '2026-04-03T00:00:00'),
  (143, 33, 3, 'Test the bulk-edit modal', 'See the thread in #eng.', 16, 'in_progress', 'medium', NULL, '2025-11-20T00:00:00'),
  (144, 33, 3, 'Audit the login flow', 'Should be a quick one.', 14, 'in_progress', 'high', NULL, '2025-07-20T00:00:00'),
  (145, 33, 3, 'Polish the login flow', 'Blocked on design sign-off.', 17, 'done', 'high', NULL, '2026-02-17T00:00:00'),
  (146, 34, 3, 'Polish the audit log viewer', 'Coordinate with QA before merging.', 17, 'open', 'medium', NULL, '2026-04-13T00:00:00'),
  (147, 34, 3, 'Design the billing cron', 'Coordinate with QA before merging.', 14, 'open', 'medium', NULL, '2025-08-03T00:00:00'),
  (148, 34, 3, 'Wire up the dark mode styles', 'See the thread in #eng.', 17, 'open', 'low', '2026-07-01', '2026-01-05T00:00:00'),
  (149, 35, 3, 'Design the search index', 'Should be a quick one.', 16, 'done', 'medium', NULL, '2026-03-29T00:00:00'),
  (150, 35, 3, 'Implement rate limiting', 'Acceptance criteria in the linked doc.', 17, 'open', 'low', NULL, '2025-10-27T00:00:00'),
  (151, 35, 3, 'Spike the export job', 'Low risk; ship behind a flag.', 16, 'open', 'high', NULL, '2026-02-17T00:00:00'),
  (152, 36, 4, 'Audit the audit log viewer', 'Needs a follow-up with the data team.', 18, 'in_progress', 'medium', '2026-06-12', '2026-04-22T00:00:00'),
  (153, 36, 4, 'Refactor the bulk-edit modal', 'Low risk; ship behind a flag.', 19, 'done', 'medium', '2026-07-08', '2025-11-13T00:00:00'),
  (154, 36, 4, 'Wire up the login flow', 'Blocked on design sign-off.', 19, 'in_progress', 'high', NULL, '2025-09-05T00:00:00'),
  (155, 37, 4, 'Implement pagination', 'See the thread in #eng.', 20, 'done', 'high', NULL, '2026-05-17T00:00:00'),
  (156, 37, 4, 'Implement the export job', 'Coordinate with QA before merging.', 18, 'done', 'low', NULL, '2025-08-03T00:00:00'),
  (157, 37, 4, 'Review the onboarding wizard', 'Low risk; ship behind a flag.', 20, 'done', 'low', NULL, '2026-05-20T00:00:00'),
  (158, 37, 4, 'Deploy the role checks', 'Should be a quick one.', 19, 'open', 'medium', NULL, '2026-05-29T00:00:00'),
  (159, 37, 4, 'Migrate the webhook retries', 'Blocked on design sign-off.', 20, 'in_progress', 'medium', '2026-07-15', '2025-07-29T00:00:00'),
  (160, 37, 4, 'Audit the bulk-edit modal', 'Should be a quick one.', 20, 'done', 'high', NULL, '2026-05-09T00:00:00'),
  (161, 37, 4, 'Spike the role checks', 'Coordinate with QA before merging.', 19, 'done', 'high', '2026-07-08', '2026-05-08T00:00:00'),
  (162, 37, 4, 'Deploy the dashboard charts', 'Should be a quick one.', 21, 'done', 'low', NULL, '2026-05-16T00:00:00'),
  (163, 38, 4, 'Wire up the settings page', 'Acceptance criteria in the linked doc.', 19, 'in_progress', 'high', NULL, '2026-06-04T00:00:00'),
  (164, 38, 4, 'Design the CSV importer', 'Carry-over from last sprint.', 21, 'open', 'medium', '2026-06-15', '2025-12-27T00:00:00'),
  (165, 38, 4, 'Refactor the settings page', 'See the thread in #eng.', 18, 'done', 'medium', '2026-07-17', '2025-08-18T00:00:00'),
  (166, 39, 4, 'Spike the role checks', 'Blocked on design sign-off.', 18, 'done', 'medium', '2026-07-13', '2025-12-30T00:00:00'),
  (167, 39, 4, 'Migrate the billing cron', 'Low risk; ship behind a flag.', 18, 'open', 'low', '2026-06-15', '2026-06-14T00:00:00'),
  (168, 39, 4, 'Refactor the search index', 'See the thread in #eng.', 19, 'open', 'high', NULL, '2025-11-03T00:00:00'),
  (169, 39, 4, 'Fix the dashboard charts', 'Coordinate with QA before merging.', 20, 'done', 'medium', '2026-07-02', '2026-03-05T00:00:00'),
  (170, 39, 4, 'Refactor the webhook retries', 'Acceptance criteria in the linked doc.', 19, 'open', 'medium', NULL, '2026-05-19T00:00:00'),
  (171, 39, 4, 'Wire up the login flow', 'Coordinate with QA before merging.', 21, 'done', 'medium', NULL, '2026-06-03T00:00:00'),
  (172, 40, 4, 'Migrate the dashboard charts', 'Carry-over from last sprint.', 20, 'done', 'medium', NULL, '2026-06-19T00:00:00'),
  (173, 40, 4, 'Triage the audit log viewer', 'Coordinate with QA before merging.', 20, 'done', 'medium', NULL, '2026-04-24T00:00:00'),
  (174, 40, 4, 'Polish the onboarding wizard', 'Should be a quick one.', 18, 'done', 'high', NULL, '2025-08-20T00:00:00'),
  (175, 40, 4, 'Fix the export job', 'Should be a quick one.', 18, 'open', 'high', '2026-06-02', '2025-08-21T00:00:00'),
  (176, 40, 4, 'Audit the dark mode styles', 'Needs a follow-up with the data team.', 21, 'in_progress', 'medium', '2026-07-04', '2026-04-02T00:00:00'),
  (177, 40, 4, 'Design the CSV importer', 'Should be a quick one.', 19, 'open', 'high', NULL, '2026-06-12T00:00:00'),
  (178, 40, 4, 'Test the notification badges', 'Acceptance criteria in the linked doc.', 20, 'done', 'high', NULL, '2025-10-09T00:00:00'),
  (179, 41, 4, 'Spike the settings page', 'Carry-over from last sprint.', 20, 'in_progress', 'low', NULL, '2025-07-30T00:00:00'),
  (180, 41, 4, 'Implement the billing cron', 'Needs a follow-up with the data team.', 21, 'in_progress', 'high', '2026-06-08', '2026-05-17T00:00:00'),
  (181, 41, 4, 'Implement the search index', 'Low risk; ship behind a flag.', 20, 'open', 'medium', '2026-06-02', '2026-01-16T00:00:00'),
  (182, 41, 4, 'Triage the notification badges', 'Low risk; ship behind a flag.', 21, 'open', 'high', NULL, '2025-12-15T00:00:00'),
  (183, 41, 4, 'Design the bulk-edit modal', 'Acceptance criteria in the linked doc.', 20, 'done', 'medium', '2026-06-03', '2026-04-30T00:00:00'),
  (184, 41, 4, 'Review the notification badges', 'Blocked on design sign-off.', 18, 'in_progress', 'low', '2026-06-05', '2025-07-03T00:00:00'),
  (185, 41, 4, 'Audit the billing cron', 'Blocked on design sign-off.', 20, 'in_progress', 'medium', '2026-06-22', '2026-03-16T00:00:00'),
  (186, 41, 4, 'Polish the onboarding wizard', 'Carry-over from last sprint.', 20, 'in_progress', 'low', NULL, '2026-05-01T00:00:00'),
  (187, 42, 4, 'Document the notification badges', 'Low risk; ship behind a flag.', 21, 'done', 'high', '2026-06-10', '2025-07-13T00:00:00'),
  (188, 42, 4, 'Triage pagination', 'Should be a quick one.', 18, 'in_progress', 'low', '2026-06-10', '2025-12-25T00:00:00'),
  (189, 42, 4, 'Test the billing cron', 'Low risk; ship behind a flag.', 18, 'in_progress', 'low', NULL, '2025-12-06T00:00:00'),
  (190, 42, 4, 'Triage the email templates', 'Needs a follow-up with the data team.', 20, 'in_progress', 'high', '2026-06-03', '2026-01-27T00:00:00'),
  (191, 42, 4, 'Audit the audit log viewer', 'Needs a follow-up with the data team.', 19, 'done', 'low', NULL, '2025-06-11T00:00:00'),
  (192, 43, 4, 'Migrate the dashboard charts', 'See the thread in #eng.', 19, 'done', 'low', '2026-07-13', '2025-10-24T00:00:00'),
  (193, 43, 4, 'Test the email templates', 'Low risk; ship behind a flag.', 21, 'done', 'high', NULL, '2026-05-29T00:00:00'),
  (194, 43, 4, 'Investigate the email templates', 'Blocked on design sign-off.', 19, 'in_progress', 'high', '2026-07-19', '2025-12-06T00:00:00'),
  (195, 43, 4, 'Refactor the dark mode styles', 'Low risk; ship behind a flag.', 20, 'in_progress', 'high', '2026-06-29', '2026-06-13T00:00:00'),
  (196, 44, 4, 'Document the bulk-edit modal', 'Coordinate with QA before merging.', 18, 'open', 'high', NULL, '2026-03-09T00:00:00'),
  (197, 44, 4, 'Wire up the API docs', 'Needs a follow-up with the data team.', 19, 'done', 'medium', NULL, '2026-05-22T00:00:00'),
  (198, 44, 4, 'Test the notification badges', 'Blocked on design sign-off.', 19, 'done', 'medium', NULL, '2026-05-26T00:00:00'),
  (199, 44, 4, 'Wire up the API docs', 'See the thread in #eng.', 20, 'done', 'medium', NULL, '2025-07-10T00:00:00'),
  (200, 45, 5, 'Refactor pagination', 'Coordinate with QA before merging.', 22, 'done', 'high', NULL, '2025-12-22T00:00:00'),
  (201, 45, 5, 'Audit the API docs', 'Acceptance criteria in the linked doc.', 26, 'open', 'high', NULL, '2025-07-18T00:00:00'),
  (202, 45, 5, 'Test rate limiting', 'See the thread in #eng.', 25, 'in_progress', 'low', '2026-06-14', '2025-07-26T00:00:00'),
  (203, 46, 5, 'Wire up the dashboard charts', 'Blocked on design sign-off.', 25, 'open', 'high', '2026-07-04', '2026-05-05T00:00:00'),
  (204, 46, 5, 'Fix rate limiting', 'See the thread in #eng.', 22, 'in_progress', 'low', '2026-07-17', '2025-10-28T00:00:00'),
  (205, 46, 5, 'Document the webhook retries', 'Should be a quick one.', 22, 'done', 'medium', NULL, '2025-08-15T00:00:00'),
  (206, 46, 5, 'Audit the settings page', 'See the thread in #eng.', 24, 'in_progress', 'medium', NULL, '2026-05-02T00:00:00'),
  (207, 46, 5, 'Implement the API docs', 'Coordinate with QA before merging.', 25, 'done', 'medium', '2026-06-21', '2026-01-12T00:00:00'),
  (208, 46, 5, 'Migrate the audit log viewer', 'See the thread in #eng.', 27, 'done', 'high', NULL, '2026-01-07T00:00:00'),
  (209, 46, 5, 'Migrate the CSV importer', 'See the thread in #eng.', 26, 'done', 'high', NULL, '2025-07-19T00:00:00'),
  (210, 46, 5, 'Spike the email templates', 'See the thread in #eng.', 24, 'done', 'medium', NULL, '2025-07-24T00:00:00'),
  (211, 47, 5, 'Migrate the CSV importer', 'See the thread in #eng.', 27, 'open', 'high', NULL, '2025-12-31T00:00:00'),
  (212, 47, 5, 'Review the CSV importer', 'Needs a follow-up with the data team.', 27, 'open', 'high', '2026-06-24', '2026-05-06T00:00:00'),
  (213, 47, 5, 'Test the settings page', 'See the thread in #eng.', 24, 'in_progress', 'medium', NULL, '2025-06-29T00:00:00'),
  (214, 47, 5, 'Deploy the notification badges', 'Acceptance criteria in the linked doc.', 23, 'done', 'high', '2026-07-09', '2025-10-01T00:00:00'),
  (215, 47, 5, 'Audit pagination', 'Blocked on design sign-off.', 23, 'done', 'low', '2026-06-14', '2026-06-01T00:00:00'),
  (216, 47, 5, 'Review the notification badges', 'Needs a follow-up with the data team.', 26, 'open', 'high', '2026-07-16', '2025-06-10T00:00:00'),
  (217, 47, 5, 'Test the login flow', 'Should be a quick one.', 23, 'in_progress', 'low', '2026-07-05', '2025-10-23T00:00:00'),
  (218, 48, 5, 'Wire up rate limiting', 'Blocked on design sign-off.', 25, 'open', 'medium', NULL, '2026-04-18T00:00:00'),
  (219, 48, 5, 'Document the bulk-edit modal', 'Should be a quick one.', 27, 'in_progress', 'high', '2026-06-02', '2025-07-30T00:00:00'),
  (220, 48, 5, 'Implement the webhook retries', 'Coordinate with QA before merging.', 26, 'done', 'high', '2026-06-06', '2026-03-28T00:00:00'),
  (221, 48, 5, 'Review the bulk-edit modal', 'Needs a follow-up with the data team.', 23, 'open', 'low', '2026-07-06', '2025-09-01T00:00:00'),
  (222, 48, 5, 'Migrate the email templates', 'Coordinate with QA before merging.', 25, 'open', 'medium', NULL, '2026-03-25T00:00:00'),
  (223, 49, 5, 'Review the dashboard charts', 'Needs a follow-up with the data team.', 26, 'done', 'low', '2026-06-20', '2026-03-31T00:00:00'),
  (224, 49, 5, 'Polish the webhook retries', 'Low risk; ship behind a flag.', 24, 'in_progress', 'high', NULL, '2025-11-23T00:00:00'),
  (225, 49, 5, 'Wire up the dashboard charts', 'Needs a follow-up with the data team.', 25, 'in_progress', 'medium', NULL, '2026-04-04T00:00:00'),
  (226, 49, 5, 'Audit the bulk-edit modal', 'Coordinate with QA before merging.', 25, 'in_progress', 'high', NULL, '2025-11-10T00:00:00'),
  (227, 50, 5, 'Wire up the settings page', 'Carry-over from last sprint.', 24, 'done', 'high', '2026-06-16', '2026-05-03T00:00:00'),
  (228, 50, 5, 'Refactor the settings page', 'Should be a quick one.', 27, 'in_progress', 'medium', NULL, '2026-05-26T00:00:00'),
  (229, 50, 5, 'Spike the search index', 'See the thread in #eng.', 22, 'done', 'high', NULL, '2025-12-04T00:00:00'),
  (230, 50, 5, 'Review the email templates', 'Should be a quick one.', 24, 'open', 'medium', NULL, '2026-02-22T00:00:00'),
  (231, 50, 5, 'Deploy the search index', 'See the thread in #eng.', 26, 'open', 'high', NULL, '2025-10-20T00:00:00'),
  (232, 50, 5, 'Triage the bulk-edit modal', 'Needs a follow-up with the data team.', 26, 'in_progress', 'medium', NULL, '2026-02-03T00:00:00'),
  (233, 50, 5, 'Audit the settings page', 'Acceptance criteria in the linked doc.', 26, 'done', 'high', NULL, '2025-09-17T00:00:00'),
  (234, 50, 5, 'Triage the onboarding wizard', 'Carry-over from last sprint.', 24, 'open', 'medium', NULL, '2025-12-14T00:00:00'),
  (235, 51, 5, 'Polish pagination', 'Needs a follow-up with the data team.', 25, 'in_progress', 'high', NULL, '2025-06-26T00:00:00'),
  (236, 51, 5, 'Refactor the billing cron', 'Blocked on design sign-off.', 26, 'done', 'high', NULL, '2025-06-26T00:00:00'),
  (237, 51, 5, 'Triage the dark mode styles', 'Needs a follow-up with the data team.', 23, 'open', 'medium', '2026-06-10', '2026-05-17T00:00:00'),
  (238, 51, 5, 'Wire up the notification badges', 'Coordinate with QA before merging.', 23, 'done', 'high', NULL, '2025-11-29T00:00:00'),
  (239, 51, 5, 'Fix the export job', 'Blocked on design sign-off.', 26, 'open', 'low', NULL, '2026-06-16T00:00:00'),
  (240, 51, 5, 'Deploy the CSV importer', 'Blocked on design sign-off.', 24, 'in_progress', 'medium', NULL, '2026-05-30T00:00:00'),
  (241, 51, 5, 'Investigate the onboarding wizard', 'Needs a follow-up with the data team.', 23, 'done', 'low', NULL, '2025-08-11T00:00:00'),
  (242, 52, 5, 'Review the webhook retries', 'See the thread in #eng.', 22, 'done', 'medium', NULL, '2026-02-26T00:00:00'),
  (243, 52, 5, 'Review the audit log viewer', 'Coordinate with QA before merging.', 27, 'open', 'medium', '2026-06-16', '2025-10-30T00:00:00'),
  (244, 52, 5, 'Refactor the role checks', 'Acceptance criteria in the linked doc.', 22, 'in_progress', 'medium', NULL, '2025-11-01T00:00:00'),
  (245, 52, 5, 'Polish the export job', 'Carry-over from last sprint.', 22, 'done', 'high', NULL, '2025-09-15T00:00:00'),
  (246, 52, 5, 'Implement the dark mode styles', 'Coordinate with QA before merging.', 27, 'done', 'medium', '2026-07-11', '2025-08-30T00:00:00'),
  (247, 52, 5, 'Audit the notification badges', 'Low risk; ship behind a flag.', 23, 'done', 'low', NULL, '2025-12-18T00:00:00'),
  (248, 53, 5, 'Polish the audit log viewer', 'See the thread in #eng.', 22, 'done', 'low', '2026-07-16', '2025-07-10T00:00:00'),
  (249, 53, 5, 'Investigate the settings page', 'See the thread in #eng.', 22, 'done', 'high', NULL, '2025-12-12T00:00:00'),
  (250, 53, 5, 'Wire up the settings page', 'Blocked on design sign-off.', 25, 'done', 'medium', '2026-06-24', '2025-11-05T00:00:00'),
  (251, 53, 5, 'Document the export job', 'Coordinate with QA before merging.', 23, 'in_progress', 'medium', '2026-07-16', '2026-05-17T00:00:00'),
  (252, 53, 5, 'Implement the export job', 'Carry-over from last sprint.', 27, 'open', 'medium', NULL, '2026-02-12T00:00:00'),
  (253, 54, 5, 'Deploy the search index', 'Carry-over from last sprint.', 22, 'done', 'medium', NULL, '2026-02-23T00:00:00'),
  (254, 54, 5, 'Deploy the CSV importer', 'See the thread in #eng.', 27, 'open', 'medium', NULL, '2025-06-09T00:00:00'),
  (255, 54, 5, 'Refactor the settings page', 'Acceptance criteria in the linked doc.', 22, 'done', 'high', NULL, '2026-05-19T00:00:00'),
  (256, 54, 5, 'Design the bulk-edit modal', 'Carry-over from last sprint.', 27, 'done', 'high', NULL, '2026-06-16T00:00:00'),
  (257, 54, 5, 'Polish the dashboard charts', 'Coordinate with QA before merging.', 24, 'in_progress', 'high', '2026-06-16', '2025-11-13T00:00:00'),
  (258, 54, 5, 'Polish the export job', 'Carry-over from last sprint.', 23, 'done', 'medium', '2026-07-18', '2025-12-24T00:00:00'),
  (259, 54, 5, 'Review the search index', 'See the thread in #eng.', 25, 'open', 'low', '2026-06-25', '2026-06-06T00:00:00'),
  (260, 55, 5, 'Implement the CSV importer', 'See the thread in #eng.', 26, 'open', 'medium', NULL, '2026-02-24T00:00:00'),
  (261, 55, 5, 'Polish the role checks', 'See the thread in #eng.', 24, 'done', 'medium', '2026-06-22', '2025-06-29T00:00:00'),
  (262, 55, 5, 'Test the role checks', 'See the thread in #eng.', 26, 'open', 'high', NULL, '2026-03-08T00:00:00'),
  (263, 56, 6, 'Spike the login flow', 'Should be a quick one.', 31, 'open', 'high', NULL, '2026-01-23T00:00:00'),
  (264, 56, 6, 'Test the onboarding wizard', 'Coordinate with QA before merging.', 33, 'in_progress', 'high', NULL, '2026-05-16T00:00:00'),
  (265, 56, 6, 'Review rate limiting', 'Should be a quick one.', 30, 'open', 'medium', NULL, '2025-06-26T00:00:00'),
  (266, 56, 6, 'Implement pagination', 'Coordinate with QA before merging.', 31, 'done', 'high', '2026-06-22', '2026-05-07T00:00:00'),
  (267, 56, 6, 'Refactor the settings page', 'Blocked on design sign-off.', 31, 'done', 'high', '2026-06-17', '2025-09-22T00:00:00'),
  (268, 57, 6, 'Audit rate limiting', 'See the thread in #eng.', 33, 'done', 'low', NULL, '2026-04-26T00:00:00'),
  (269, 57, 6, 'Review the dashboard charts', 'Acceptance criteria in the linked doc.', 31, 'open', 'high', NULL, '2025-12-19T00:00:00'),
  (270, 57, 6, 'Document the onboarding wizard', 'Should be a quick one.', 29, 'open', 'low', NULL, '2025-07-02T00:00:00'),
  (271, 57, 6, 'Review the audit log viewer', 'Needs a follow-up with the data team.', 30, 'open', 'medium', NULL, '2025-11-28T00:00:00'),
  (272, 57, 6, 'Migrate the API docs', 'Coordinate with QA before merging.', 31, 'in_progress', 'high', '2026-07-10', '2026-06-10T00:00:00'),
  (273, 57, 6, 'Design rate limiting', 'See the thread in #eng.', 28, 'open', 'medium', NULL, '2025-08-17T00:00:00'),
  (274, 57, 6, 'Polish the CSV importer', 'Should be a quick one.', 33, 'open', 'medium', NULL, '2025-06-22T00:00:00'),
  (275, 58, 6, 'Triage the audit log viewer', 'Needs a follow-up with the data team.', 28, 'done', 'medium', NULL, '2025-07-30T00:00:00'),
  (276, 58, 6, 'Review the notification badges', 'Low risk; ship behind a flag.', 31, 'open', 'low', NULL, '2026-04-02T00:00:00'),
  (277, 58, 6, 'Spike pagination', 'Should be a quick one.', 29, 'done', 'medium', NULL, '2025-07-15T00:00:00'),
  (278, 58, 6, 'Polish the search index', 'See the thread in #eng.', 30, 'in_progress', 'medium', NULL, '2026-03-05T00:00:00'),
  (279, 58, 6, 'Spike the dashboard charts', 'Acceptance criteria in the linked doc.', 30, 'open', 'medium', NULL, '2025-10-15T00:00:00'),
  (280, 59, 6, 'Implement the dashboard charts', 'See the thread in #eng.', 33, 'open', 'medium', NULL, '2026-05-29T00:00:00'),
  (281, 59, 6, 'Refactor the dark mode styles', 'Needs a follow-up with the data team.', 29, 'in_progress', 'high', NULL, '2026-03-08T00:00:00'),
  (282, 59, 6, 'Polish the onboarding wizard', 'See the thread in #eng.', 30, 'open', 'high', '2026-07-19', '2026-04-18T00:00:00'),
  (283, 59, 6, 'Polish the bulk-edit modal', 'See the thread in #eng.', 30, 'done', 'high', '2026-06-09', '2025-07-03T00:00:00'),
  (284, 59, 6, 'Implement the role checks', 'Needs a follow-up with the data team.', 30, 'in_progress', 'low', NULL, '2025-08-03T00:00:00'),
  (285, 59, 6, 'Migrate the audit log viewer', 'Blocked on design sign-off.', 28, 'done', 'medium', '2026-07-07', '2025-10-10T00:00:00'),
  (286, 60, 6, 'Document the email templates', 'Low risk; ship behind a flag.', 32, 'in_progress', 'medium', '2026-07-05', '2025-07-15T00:00:00'),
  (287, 60, 6, 'Design the settings page', 'See the thread in #eng.', 32, 'open', 'low', NULL, '2025-10-20T00:00:00'),
  (288, 60, 6, 'Refactor the CSV importer', 'Should be a quick one.', 29, 'in_progress', 'high', '2026-07-04', '2025-12-08T00:00:00'),
  (289, 61, 6, 'Migrate the login flow', 'See the thread in #eng.', 30, 'done', 'high', NULL, '2026-01-03T00:00:00'),
  (290, 61, 6, 'Test the audit log viewer', 'Blocked on design sign-off.', 33, 'open', 'medium', '2026-06-17', '2025-11-30T00:00:00'),
  (291, 61, 6, 'Review pagination', 'Acceptance criteria in the linked doc.', 33, 'done', 'medium', '2026-07-09', '2025-12-19T00:00:00'),
  (292, 61, 6, 'Wire up the login flow', 'Carry-over from last sprint.', 29, 'done', 'high', NULL, '2026-01-21T00:00:00'),
  (293, 62, 6, 'Deploy the login flow', 'Coordinate with QA before merging.', 33, 'done', 'low', '2026-06-04', '2026-02-27T00:00:00'),
  (294, 62, 6, 'Deploy the API docs', 'Needs a follow-up with the data team.', 30, 'done', 'medium', NULL, '2026-01-17T00:00:00'),
  (295, 62, 6, 'Spike the CSV importer', 'Coordinate with QA before merging.', 32, 'in_progress', 'medium', NULL, '2026-02-01T00:00:00'),
  (296, 62, 6, 'Review the bulk-edit modal', 'Low risk; ship behind a flag.', 28, 'open', 'medium', NULL, '2025-07-25T00:00:00'),
  (297, 62, 6, 'Design pagination', 'Coordinate with QA before merging.', 29, 'open', 'high', NULL, '2026-02-15T00:00:00'),
  (298, 62, 6, 'Test the audit log viewer', 'Carry-over from last sprint.', 33, 'open', 'medium', '2026-06-18', '2025-06-07T00:00:00'),
  (299, 62, 6, 'Audit the billing cron', 'Needs a follow-up with the data team.', 33, 'open', 'medium', NULL, '2025-06-24T00:00:00'),
  (300, 62, 6, 'Wire up the API docs', 'Low risk; ship behind a flag.', 32, 'open', 'low', '2026-07-02', '2025-08-04T00:00:00'),
  (301, 63, 6, 'Triage rate limiting', 'Acceptance criteria in the linked doc.', 31, 'in_progress', 'high', '2026-06-29', '2026-03-15T00:00:00'),
  (302, 63, 6, 'Implement the billing cron', 'Needs a follow-up with the data team.', 28, 'in_progress', 'medium', NULL, '2026-05-24T00:00:00'),
  (303, 63, 6, 'Test the notification badges', 'Carry-over from last sprint.', 29, 'done', 'medium', NULL, '2026-04-02T00:00:00'),
  (304, 63, 6, 'Audit the search index', 'Low risk; ship behind a flag.', 28, 'in_progress', 'medium', NULL, '2025-12-15T00:00:00'),
  (305, 63, 6, 'Refactor the login flow', 'See the thread in #eng.', 33, 'in_progress', 'medium', '2026-06-29', '2026-04-05T00:00:00'),
  (306, 64, 6, 'Fix the role checks', 'Carry-over from last sprint.', 32, 'done', 'medium', NULL, '2026-04-01T00:00:00'),
  (307, 64, 6, 'Migrate the dark mode styles', 'Acceptance criteria in the linked doc.', 31, 'in_progress', 'medium', '2026-06-17', '2025-06-06T00:00:00'),
  (308, 64, 6, 'Spike the audit log viewer', 'See the thread in #eng.', 33, 'open', 'high', NULL, '2026-03-20T00:00:00'),
  (309, 64, 6, 'Fix the webhook retries', 'Coordinate with QA before merging.', 31, 'done', 'medium', NULL, '2025-11-18T00:00:00'),
  (310, 64, 6, 'Implement rate limiting', 'Carry-over from last sprint.', 28, 'done', 'low', '2026-06-08', '2026-02-13T00:00:00'),
  (311, 65, 6, 'Migrate the API docs', 'Carry-over from last sprint.', 30, 'done', 'high', NULL, '2025-06-11T00:00:00'),
  (312, 65, 6, 'Spike the notification badges', 'See the thread in #eng.', 29, 'open', 'medium', NULL, '2025-10-27T00:00:00'),
  (313, 65, 6, 'Audit the dashboard charts', 'Needs a follow-up with the data team.', 29, 'done', 'medium', '2026-06-06', '2025-11-15T00:00:00'),
  (314, 65, 6, 'Deploy the bulk-edit modal', 'Acceptance criteria in the linked doc.', 29, 'done', 'high', NULL, '2025-09-30T00:00:00'),
  (315, 65, 6, 'Migrate the CSV importer', 'See the thread in #eng.', 32, 'in_progress', 'medium', NULL, '2025-10-16T00:00:00'),
  (316, 66, 6, 'Refactor pagination', 'Should be a quick one.', 31, 'open', 'high', NULL, '2025-11-26T00:00:00'),
  (317, 66, 6, 'Fix the dashboard charts', 'Should be a quick one.', 31, 'done', 'medium', NULL, '2025-10-12T00:00:00'),
  (318, 66, 6, 'Review the audit log viewer', 'Needs a follow-up with the data team.', 32, 'done', 'medium', '2026-06-22', '2025-11-15T00:00:00'),
  (319, 66, 6, 'Test pagination', 'Acceptance criteria in the linked doc.', 31, 'open', 'low', '2026-06-23', '2026-03-27T00:00:00'),
  (320, 67, 7, 'Spike the notification badges', 'See the thread in #eng.', 36, 'in_progress', 'medium', '2026-07-19', '2025-09-08T00:00:00'),
  (321, 67, 7, 'Investigate the search index', 'Needs a follow-up with the data team.', 34, 'in_progress', 'high', '2026-07-02', '2025-10-02T00:00:00'),
  (322, 67, 7, 'Review the notification badges', 'Carry-over from last sprint.', 37, 'open', 'high', '2026-06-09', '2025-06-19T00:00:00'),
  (323, 67, 7, 'Deploy the search index', 'See the thread in #eng.', 35, 'done', 'medium', '2026-07-01', '2026-05-12T00:00:00'),
  (324, 67, 7, 'Fix the notification badges', 'Low risk; ship behind a flag.', 34, 'done', 'high', '2026-06-17', '2026-04-13T00:00:00'),
  (325, 67, 7, 'Implement the onboarding wizard', 'Should be a quick one.', 35, 'done', 'high', '2026-06-14', '2025-11-06T00:00:00'),
  (326, 68, 7, 'Deploy the billing cron', 'Coordinate with QA before merging.', 35, 'done', 'high', '2026-07-07', '2025-06-08T00:00:00'),
  (327, 68, 7, 'Triage pagination', 'Acceptance criteria in the linked doc.', 34, 'open', 'high', '2026-06-21', '2026-03-21T00:00:00'),
  (328, 68, 7, 'Test the onboarding wizard', 'Acceptance criteria in the linked doc.', 34, 'in_progress', 'high', NULL, '2026-01-01T00:00:00'),
  (329, 68, 7, 'Triage the webhook retries', 'Low risk; ship behind a flag.', 34, 'open', 'high', NULL, '2026-03-20T00:00:00'),
  (330, 68, 7, 'Migrate the notification badges', 'Needs a follow-up with the data team.', 35, 'done', 'low', NULL, '2025-10-31T00:00:00'),
  (331, 69, 7, 'Investigate the settings page', 'Acceptance criteria in the linked doc.', 34, 'done', 'high', NULL, '2026-03-22T00:00:00'),
  (332, 69, 7, 'Triage the dark mode styles', 'Needs a follow-up with the data team.', 35, 'in_progress', 'low', NULL, '2025-11-08T00:00:00'),
  (333, 69, 7, 'Wire up the settings page', 'Should be a quick one.', 37, 'done', 'medium', NULL, '2025-12-22T00:00:00'),
  (334, 69, 7, 'Wire up the role checks', 'Should be a quick one.', 37, 'in_progress', 'medium', NULL, '2026-04-23T00:00:00'),
  (335, 69, 7, 'Triage the dashboard charts', 'Should be a quick one.', 37, 'done', 'low', '2026-06-10', '2025-07-15T00:00:00'),
  (336, 69, 7, 'Triage the API docs', 'Should be a quick one.', 37, 'done', 'high', NULL, '2025-07-09T00:00:00'),
  (337, 70, 7, 'Investigate pagination', 'Should be a quick one.', 37, 'done', 'high', NULL, '2025-08-11T00:00:00'),
  (338, 70, 7, 'Spike the webhook retries', 'See the thread in #eng.', 36, 'done', 'low', NULL, '2026-02-13T00:00:00'),
  (339, 70, 7, 'Fix the audit log viewer', 'Blocked on design sign-off.', 34, 'open', 'low', NULL, '2025-07-17T00:00:00'),
  (340, 70, 7, 'Audit rate limiting', 'Acceptance criteria in the linked doc.', 34, 'in_progress', 'high', NULL, '2026-05-08T00:00:00'),
  (341, 70, 7, 'Fix the audit log viewer', 'Should be a quick one.', 36, 'done', 'low', '2026-07-04', '2025-06-21T00:00:00'),
  (342, 71, 7, 'Design the export job', 'Coordinate with QA before merging.', 34, 'in_progress', 'low', '2026-06-30', '2025-12-16T00:00:00'),
  (343, 71, 7, 'Deploy the billing cron', 'See the thread in #eng.', 37, 'done', 'medium', NULL, '2025-09-20T00:00:00'),
  (344, 71, 7, 'Migrate the login flow', 'Low risk; ship behind a flag.', 37, 'in_progress', 'medium', '2026-07-03', '2026-05-05T00:00:00'),
  (345, 71, 7, 'Fix the onboarding wizard', 'Blocked on design sign-off.', 37, 'done', 'medium', NULL, '2025-07-17T00:00:00'),
  (346, 71, 7, 'Triage the CSV importer', 'Coordinate with QA before merging.', 36, 'open', 'medium', '2026-07-02', '2026-04-24T00:00:00'),
  (347, 71, 7, 'Audit the audit log viewer', 'Should be a quick one.', 34, 'done', 'medium', '2026-07-11', '2026-01-22T00:00:00'),
  (348, 72, 7, 'Spike the CSV importer', 'Should be a quick one.', 34, 'open', 'low', NULL, '2025-12-13T00:00:00'),
  (349, 72, 7, 'Review the search index', 'See the thread in #eng.', 34, 'in_progress', 'medium', NULL, '2025-06-26T00:00:00'),
  (350, 72, 7, 'Migrate rate limiting', 'Carry-over from last sprint.', 35, 'open', 'low', '2026-07-01', '2025-10-14T00:00:00'),
  (351, 72, 7, 'Migrate the email templates', 'Acceptance criteria in the linked doc.', 36, 'done', 'medium', NULL, '2025-07-31T00:00:00'),
  (352, 72, 7, 'Review the API docs', 'Acceptance criteria in the linked doc.', 35, 'done', 'high', '2026-07-08', '2025-10-17T00:00:00'),
  (353, 72, 7, 'Fix the settings page', 'Should be a quick one.', 37, 'open', 'low', NULL, '2026-03-31T00:00:00'),
  (354, 72, 7, 'Investigate the webhook retries', 'Carry-over from last sprint.', 36, 'open', 'medium', NULL, '2026-02-20T00:00:00'),
  (355, 72, 7, 'Investigate pagination', 'Blocked on design sign-off.', 34, 'done', 'low', NULL, '2025-10-16T00:00:00'),
  (356, 73, 7, 'Wire up the webhook retries', 'Blocked on design sign-off.', 37, 'done', 'medium', '2026-07-05', '2026-04-26T00:00:00'),
  (357, 73, 7, 'Migrate the billing cron', 'Coordinate with QA before merging.', 35, 'open', 'high', '2026-07-03', '2025-12-18T00:00:00'),
  (358, 73, 7, 'Triage the search index', 'Low risk; ship behind a flag.', 37, 'done', 'high', NULL, '2025-06-06T00:00:00'),
  (359, 73, 7, 'Polish the settings page', 'See the thread in #eng.', 37, 'done', 'medium', '2026-06-25', '2026-03-12T00:00:00'),
  (360, 73, 7, 'Design the dark mode styles', 'Acceptance criteria in the linked doc.', 37, 'done', 'medium', NULL, '2025-07-15T00:00:00'),
  (361, 73, 7, 'Spike the audit log viewer', 'Should be a quick one.', 36, 'open', 'medium', '2026-06-26', '2025-09-03T00:00:00'),
  (362, 73, 7, 'Test the webhook retries', 'Coordinate with QA before merging.', 35, 'done', 'high', '2026-06-13', '2025-07-02T00:00:00'),
  (363, 74, 7, 'Deploy the audit log viewer', 'Low risk; ship behind a flag.', 34, 'open', 'high', '2026-07-15', '2026-03-17T00:00:00'),
  (364, 74, 7, 'Audit the search index', 'Coordinate with QA before merging.', 36, 'done', 'medium', NULL, '2026-05-22T00:00:00'),
  (365, 74, 7, 'Polish the API docs', 'See the thread in #eng.', 37, 'in_progress', 'medium', NULL, '2025-10-03T00:00:00'),
  (366, 74, 7, 'Audit pagination', 'Acceptance criteria in the linked doc.', 34, 'in_progress', 'low', NULL, '2025-12-13T00:00:00'),
  (367, 75, 8, 'Deploy the audit log viewer', 'Blocked on design sign-off.', 41, 'done', 'medium', '2026-06-21', '2025-08-07T00:00:00'),
  (368, 75, 8, 'Test the audit log viewer', 'Coordinate with QA before merging.', 40, 'open', 'high', '2026-07-08', '2025-07-05T00:00:00'),
  (369, 75, 8, 'Migrate the audit log viewer', 'Needs a follow-up with the data team.', 41, 'in_progress', 'high', NULL, '2025-10-19T00:00:00'),
  (370, 75, 8, 'Audit the CSV importer', 'See the thread in #eng.', 40, 'open', 'medium', NULL, '2026-05-07T00:00:00'),
  (371, 75, 8, 'Investigate the email templates', 'Blocked on design sign-off.', 41, 'done', 'medium', '2026-06-29', '2025-09-12T00:00:00'),
  (372, 75, 8, 'Triage the role checks', 'Needs a follow-up with the data team.', 39, 'in_progress', 'high', NULL, '2026-02-20T00:00:00'),
  (373, 75, 8, 'Audit the billing cron', 'Carry-over from last sprint.', 41, 'open', 'high', NULL, '2026-01-20T00:00:00'),
  (374, 75, 8, 'Deploy the email templates', 'Should be a quick one.', 41, 'done', 'low', '2026-07-03', '2025-11-04T00:00:00'),
  (375, 76, 8, 'Audit the settings page', 'Coordinate with QA before merging.', 41, 'in_progress', 'medium', NULL, '2025-07-22T00:00:00'),
  (376, 76, 8, 'Design the settings page', 'Blocked on design sign-off.', 41, 'in_progress', 'high', NULL, '2025-07-15T00:00:00'),
  (377, 76, 8, 'Investigate the billing cron', 'Carry-over from last sprint.', 41, 'done', 'medium', '2026-06-21', '2026-06-13T00:00:00'),
  (378, 76, 8, 'Review the export job', 'Coordinate with QA before merging.', 41, 'in_progress', 'high', '2026-06-02', '2025-10-14T00:00:00'),
  (379, 76, 8, 'Review the webhook retries', 'Blocked on design sign-off.', 38, 'open', 'high', NULL, '2025-10-11T00:00:00'),
  (380, 76, 8, 'Fix the settings page', 'See the thread in #eng.', 40, 'in_progress', 'high', '2026-06-26', '2026-04-27T00:00:00'),
  (381, 76, 8, 'Deploy the webhook retries', 'See the thread in #eng.', 38, 'done', 'medium', NULL, '2025-10-14T00:00:00'),
  (382, 77, 8, 'Wire up the onboarding wizard', 'Low risk; ship behind a flag.', 39, 'open', 'medium', NULL, '2025-08-25T00:00:00'),
  (383, 77, 8, 'Design the role checks', 'Blocked on design sign-off.', 41, 'done', 'low', NULL, '2025-12-31T00:00:00'),
  (384, 77, 8, 'Implement the export job', 'Low risk; ship behind a flag.', 39, 'done', 'high', NULL, '2025-12-22T00:00:00'),
  (385, 77, 8, 'Fix the CSV importer', 'See the thread in #eng.', 38, 'in_progress', 'high', '2026-07-05', '2025-07-11T00:00:00'),
  (386, 78, 8, 'Fix the role checks', 'Blocked on design sign-off.', 41, 'open', 'high', NULL, '2025-12-28T00:00:00'),
  (387, 78, 8, 'Triage the webhook retries', 'Blocked on design sign-off.', 40, 'done', 'high', '2026-07-03', '2025-09-13T00:00:00'),
  (388, 78, 8, 'Migrate the billing cron', 'Acceptance criteria in the linked doc.', 39, 'in_progress', 'high', '2026-06-13', '2025-11-22T00:00:00'),
  (389, 78, 8, 'Document the export job', 'Carry-over from last sprint.', 40, 'done', 'medium', NULL, '2026-02-24T00:00:00'),
  (390, 78, 8, 'Migrate pagination', 'Low risk; ship behind a flag.', 40, 'done', 'medium', NULL, '2025-09-29T00:00:00'),
  (391, 78, 8, 'Design the role checks', 'Should be a quick one.', 39, 'done', 'medium', '2026-07-09', '2025-09-04T00:00:00'),
  (392, 78, 8, 'Wire up pagination', 'Should be a quick one.', 41, 'open', 'high', NULL, '2025-06-13T00:00:00'),
  (393, 78, 8, 'Migrate the dashboard charts', 'Low risk; ship behind a flag.', 40, 'done', 'medium', NULL, '2025-09-23T00:00:00'),
  (394, 79, 8, 'Deploy the notification badges', 'See the thread in #eng.', 40, 'done', 'low', NULL, '2025-06-14T00:00:00'),
  (395, 79, 8, 'Fix the CSV importer', 'Acceptance criteria in the linked doc.', 39, 'open', 'low', NULL, '2025-12-26T00:00:00'),
  (396, 79, 8, 'Implement pagination', 'Needs a follow-up with the data team.', 38, 'open', 'medium', NULL, '2026-01-31T00:00:00'),
  (397, 79, 8, 'Investigate the settings page', 'Acceptance criteria in the linked doc.', 39, 'open', 'low', NULL, '2026-06-04T00:00:00'),
  (398, 79, 8, 'Investigate the CSV importer', 'Carry-over from last sprint.', 41, 'in_progress', 'medium', '2026-06-16', '2025-12-18T00:00:00'),
  (399, 79, 8, 'Wire up the CSV importer', 'Blocked on design sign-off.', 38, 'in_progress', 'high', NULL, '2025-11-21T00:00:00'),
  (400, 80, 8, 'Triage the role checks', 'Needs a follow-up with the data team.', 38, 'open', 'medium', '2026-06-03', '2026-03-13T00:00:00'),
  (401, 80, 8, 'Fix the audit log viewer', 'Needs a follow-up with the data team.', 40, 'in_progress', 'high', NULL, '2025-11-18T00:00:00'),
  (402, 80, 8, 'Document the export job', 'Needs a follow-up with the data team.', 39, 'done', 'medium', NULL, '2026-05-10T00:00:00'),
  (403, 80, 8, 'Deploy rate limiting', 'Low risk; ship behind a flag.', 40, 'open', 'high', NULL, '2025-11-01T00:00:00'),
  (404, 80, 8, 'Spike the dashboard charts', 'See the thread in #eng.', 41, 'done', 'low', '2026-07-04', '2025-08-12T00:00:00'),
  (405, 80, 8, 'Audit the billing cron', 'Should be a quick one.', 38, 'in_progress', 'high', NULL, '2026-02-27T00:00:00'),
  (406, 80, 8, 'Polish the API docs', 'Acceptance criteria in the linked doc.', 38, 'in_progress', 'medium', '2026-06-22', '2025-08-17T00:00:00'),
  (407, 81, 8, 'Migrate the audit log viewer', 'Coordinate with QA before merging.', 40, 'in_progress', 'medium', '2026-06-12', '2025-08-26T00:00:00'),
  (408, 81, 8, 'Deploy pagination', 'Coordinate with QA before merging.', 40, 'done', 'high', NULL, '2026-04-06T00:00:00'),
  (409, 81, 8, 'Wire up the audit log viewer', 'Low risk; ship behind a flag.', 41, 'in_progress', 'medium', '2026-07-10', '2025-12-28T00:00:00'),
  (410, 81, 8, 'Refactor the notification badges', 'Low risk; ship behind a flag.', 41, 'open', 'high', '2026-07-08', '2026-01-09T00:00:00'),
  (411, 81, 8, 'Spike the onboarding wizard', 'Low risk; ship behind a flag.', 41, 'open', 'low', '2026-07-04', '2025-08-29T00:00:00'),
  (412, 82, 8, 'Wire up the search index', 'Should be a quick one.', 40, 'in_progress', 'high', '2026-07-16', '2026-01-13T00:00:00'),
  (413, 82, 8, 'Investigate the settings page', 'Carry-over from last sprint.', 40, 'open', 'medium', NULL, '2026-02-19T00:00:00'),
  (414, 82, 8, 'Triage the login flow', 'Should be a quick one.', 41, 'in_progress', 'medium', NULL, '2025-07-20T00:00:00'),
  (415, 82, 8, 'Triage the billing cron', 'Carry-over from last sprint.', 39, 'in_progress', 'low', NULL, '2025-12-26T00:00:00'),
  (416, 82, 8, 'Document the dashboard charts', 'Low risk; ship behind a flag.', 39, 'open', 'medium', NULL, '2025-08-26T00:00:00'),
  (417, 82, 8, 'Migrate the export job', 'Blocked on design sign-off.', 39, 'open', 'high', '2026-07-12', '2025-11-24T00:00:00'),
  (418, 83, 8, 'Audit the role checks', 'Coordinate with QA before merging.', 41, 'in_progress', 'medium', NULL, '2025-11-15T00:00:00'),
  (419, 83, 8, 'Document the bulk-edit modal', 'See the thread in #eng.', 41, 'done', 'high', NULL, '2025-12-02T00:00:00'),
  (420, 83, 8, 'Wire up the dark mode styles', 'Coordinate with QA before merging.', 41, 'in_progress', 'low', '2026-07-15', '2026-06-18T00:00:00'),
  (421, 83, 8, 'Migrate the billing cron', 'See the thread in #eng.', 41, 'done', 'high', '2026-06-04', '2026-05-23T00:00:00'),
  (422, 83, 8, 'Audit the notification badges', 'Coordinate with QA before merging.', 38, 'open', 'medium', NULL, '2025-10-29T00:00:00'),
  (423, 83, 8, 'Spike rate limiting', 'Should be a quick one.', 38, 'in_progress', 'medium', NULL, '2025-11-11T00:00:00'),
  (424, 84, 8, 'Implement the bulk-edit modal', 'Needs a follow-up with the data team.', 38, 'in_progress', 'high', NULL, '2026-04-30T00:00:00'),
  (425, 84, 8, 'Implement the notification badges', 'See the thread in #eng.', 40, 'open', 'low', NULL, '2026-05-30T00:00:00'),
  (426, 84, 8, 'Spike the CSV importer', 'Low risk; ship behind a flag.', 38, 'done', 'medium', '2026-06-19', '2026-01-17T00:00:00'),
  (427, 84, 8, 'Deploy the onboarding wizard', 'See the thread in #eng.', 40, 'open', 'high', NULL, '2026-04-01T00:00:00'),
  (428, 84, 8, 'Polish the CSV importer', 'Coordinate with QA before merging.', 38, 'open', 'low', NULL, '2026-01-02T00:00:00');


INSERT INTO task_labels (task_id, label_id) VALUES
  (11, 2),
  (15, 3),
  (17, 3),
  (18, 3),
  (20, 4),
  (20, 2),
  (21, 4),
  (22, 3),
  (25, 1),
  (26, 3),
  (26, 4),
  (28, 4),
  (29, 6),
  (30, 2),
  (31, 1),
  (32, 5),
  (33, 3),
  (34, 3),
  (34, 2),
  (35, 5),
  (36, 1),
  (36, 4),
  (37, 6),
  (38, 4),
  (38, 3),
  (42, 2),
  (43, 5),
  (43, 2),
  (45, 3),
  (46, 1),
  (46, 3),
  (47, 5),
  (47, 2),
  (48, 6),
  (49, 1),
  (49, 5),
  (50, 2),
  (51, 3),
  (55, 6),
  (55, 3),
  (56, 3),
  (57, 10),
  (58, 12),
  (58, 8),
  (60, 8),
  (60, 7),
  (62, 9),
  (62, 8),
  (64, 8),
  (64, 11),
  (67, 8),
  (68, 8),
  (69, 10),
  (69, 9),
  (70, 10),
  (70, 9),
  (72, 11),
  (73, 8),
  (74, 8),
  (75, 12),
  (75, 11),
  (78, 9),
  (78, 12),
  (79, 8),
  (79, 9),
  (80, 10),
  (82, 8),
  (83, 11),
  (84, 8),
  (84, 9),
  (85, 9),
  (85, 7),
  (86, 8),
  (88, 9),
  (89, 7),
  (90, 9),
  (90, 10),
  (91, 12),
  (91, 11),
  (92, 10),
  (92, 9),
  (93, 11),
  (94, 11),
  (95, 11),
  (95, 7),
  (96, 10),
  (96, 7),
  (97, 11),
  (98, 9),
  (98, 10),
  (99, 11),
  (105, 10),
  (106, 12),
  (107, 12),
  (107, 9),
  (108, 12),
  (108, 10),
  (110, 13),
  (110, 15),
  (113, 19),
  (115, 17),
  (115, 19),
  (116, 15),
  (116, 13),
  (117, 17),
  (117, 19),
  (118, 19),
  (119, 13),
  (120, 16),
  (123, 15),
  (124, 15),
  (124, 19),
  (126, 15),
  (126, 14),
  (128, 15),
  (130, 13),
  (130, 16),
  (131, 16),
  (132, 18),
  (132, 17),
  (135, 15),
  (135, 14),
  (136, 14),
  (136, 15),
  (137, 14),
  (137, 16),
  (139, 13),
  (140, 18),
  (140, 13),
  (141, 17),
  (141, 14),
  (142, 13),
  (142, 14),
  (144, 16),
  (144, 13),
  (145, 14),
  (146, 16),
  (147, 19),
  (151, 15),
  (151, 18),
  (155, 22),
  (155, 24),
  (156, 22),
  (156, 21),
  (157, 24),
  (161, 23),
  (162, 23),
  (162, 21),
  (165, 25),
  (166, 21),
  (166, 20),
  (167, 21),
  (167, 20),
  (169, 25),
  (169, 20),
  (170, 24),
  (171, 21),
  (171, 22),
  (172, 25),
  (172, 20),
  (178, 25),
  (179, 25),
  (183, 20),
  (183, 25),
  (185, 20),
  (186, 25),
  (186, 24),
  (189, 21),
  (190, 21),
  (190, 24),
  (191, 22),
  (193, 22),
  (194, 20),
  (194, 24),
  (195, 21),
  (197, 25),
  (197, 23),
  (198, 23),
  (199, 24),
  (200, 26),
  (201, 31),
  (202, 30),
  (203, 29),
  (204, 28),
  (204, 27),
  (205, 27),
  (205, 29),
  (206, 26),
  (207, 28),
  (207, 30),
  (212, 26),
  (212, 27),
  (213, 29),
  (214, 29),
  (214, 27),
  (215, 26),
  (216, 30),
  (216, 28),
  (217, 29),
  (217, 27),
  (219, 31),
  (220, 31),
  (221, 27),
  (223, 28),
  (226, 27),
  (227, 30),
  (227, 29),
  (229, 26),
  (230, 30),
  (231, 26),
  (231, 30),
  (233, 30),
  (233, 29),
  (235, 29),
  (235, 31),
  (236, 27),
  (236, 31),
  (237, 26),
  (238, 27),
  (239, 31),
  (239, 28),
  (241, 31),
  (242, 28),
  (242, 31),
  (244, 29),
  (245, 28),
  (245, 27),
  (247, 27),
  (248, 29),
  (249, 29),
  (251, 28),
  (251, 26),
  (254, 26),
  (256, 30),
  (257, 31),
  (257, 28),
  (260, 30),
  (261, 31),
  (262, 30),
  (263, 36),
  (263, 33),
  (264, 37),
  (265, 37),
  (266, 38),
  (266, 33),
  (267, 38),
  (268, 35),
  (268, 38),
  (270, 34),
  (272, 34),
  (272, 33),
  (273, 32),
  (274, 38),
  (275, 32),
  (275, 33),
  (276, 37),
  (277, 36),
  (277, 32),
  (279, 32),
  (281, 34),
  (281, 33),
  (282, 35),
  (283, 32),
  (283, 37),
  (284, 38),
  (285, 35),
  (286, 32),
  (286, 37),
  (287, 38),
  (288, 36),
  (288, 34),
  (289, 32),
  (290, 34),
  (292, 38),
  (293, 38),
  (293, 36),
  (294, 37),
  (294, 35),
  (295, 32),
  (295, 35),
  (296, 36),
  (296, 33),
  (299, 34),
  (301, 38),
  (301, 34),
  (303, 36),
  (305, 35),
  (308, 36),
  (308, 34),
  (309, 32),
  (309, 37),
  (312, 38),
  (312, 32),
  (313, 34),
  (314, 34),
  (318, 34),
  (320, 40),
  (320, 42),
  (321, 42),
  (321, 43),
  (322, 42),
  (324, 43),
  (324, 40),
  (325, 42),
  (326, 43),
  (326, 42),
  (328, 43),
  (328, 42),
  (330, 39),
  (331, 41),
  (333, 40),
  (334, 40),
  (336, 42),
  (337, 43),
  (339, 39),
  (341, 42),
  (341, 40),
  (342, 43),
  (343, 41),
  (344, 39),
  (344, 43),
  (345, 39),
  (349, 42),
  (349, 43),
  (350, 42),
  (350, 41),
  (351, 43),
  (356, 43),
  (357, 39),
  (358, 42),
  (358, 43),
  (359, 43),
  (359, 39),
  (360, 41),
  (361, 41),
  (363, 42),
  (363, 39),
  (366, 43),
  (366, 39),
  (367, 47),
  (367, 44),
  (369, 45),
  (369, 46),
  (370, 46),
  (370, 50),
  (371, 45),
  (371, 49),
  (372, 49),
  (372, 45),
  (373, 44),
  (374, 49),
  (374, 50),
  (376, 46),
  (377, 44),
  (378, 44),
  (379, 46),
  (379, 50),
  (380, 46),
  (382, 45),
  (383, 45),
  (383, 47),
  (384, 49),
  (384, 50),
  (385, 44),
  (385, 50),
  (386, 46),
  (386, 48),
  (387, 49),
  (387, 50),
  (388, 44),
  (389, 44),
  (389, 49),
  (390, 44),
  (390, 45),
  (391, 46),
  (393, 46),
  (393, 44),
  (394, 44),
  (395, 50),
  (395, 48),
  (396, 44),
  (400, 44),
  (401, 47),
  (402, 45),
  (403, 48),
  (404, 44),
  (405, 46),
  (405, 49),
  (406, 47),
  (407, 44),
  (408, 45),
  (408, 47),
  (409, 46),
  (409, 45),
  (410, 47),
  (410, 48),
  (413, 46),
  (414, 45),
  (415, 44),
  (415, 49),
  (416, 46),
  (417, 49),
  (419, 50),
  (420, 49),
  (420, 44),
  (421, 46),
  (422, 45),
  (422, 46);


INSERT INTO comments (task_id, org_id, author_id, body, created_at) VALUES
  (7, 1, 6, 'Bumping priority - customer is waiting.', '2026-02-12T00:00:00'),
  (7, 1, 8, 'Done, moving to review.', '2026-04-07T00:00:00'),
  (9, 1, 7, 'Looks good to me.', '2026-04-25T00:00:00'),
  (9, 1, 9, 'Let''s split this into two tasks.', '2025-12-30T00:00:00'),
  (9, 1, 7, 'Do we have a design for this yet?', '2026-05-07T00:00:00'),
  (11, 1, 7, 'Looks good to me.', '2025-12-02T00:00:00'),
  (11, 1, 9, 'Done, moving to review.', '2026-03-30T00:00:00'),
  (11, 1, 9, 'Can you add a test for the edge case?', '2026-04-27T00:00:00'),
  (12, 1, 2, 'I''ll pick this up tomorrow.', '2026-06-02T00:00:00'),
  (12, 1, 2, 'Do we have a design for this yet?', '2026-02-01T00:00:00'),
  (13, 1, 1, 'Let''s split this into two tasks.', '2026-03-23T00:00:00'),
  (15, 1, 9, 'Do we have a design for this yet?', '2026-03-09T00:00:00'),
  (15, 1, 1, 'Looks good to me.', '2025-12-16T00:00:00'),
  (15, 1, 8, 'Looks good to me.', '2026-02-09T00:00:00'),
  (16, 1, 1, 'Done, moving to review.', '2026-05-22T00:00:00'),
  (16, 1, 7, 'Looks good to me.', '2026-02-08T00:00:00'),
  (17, 1, 5, 'This is blocked until the migration lands.', '2025-12-25T00:00:00'),
  (18, 1, 6, 'Looks good to me.', '2026-05-05T00:00:00'),
  (18, 1, 8, 'Bumping priority - customer is waiting.', '2026-05-20T00:00:00'),
  (18, 1, 2, 'Bumping priority - customer is waiting.', '2025-12-28T00:00:00'),
  (19, 1, 8, 'This is blocked until the migration lands.', '2026-06-02T00:00:00'),
  (19, 1, 2, 'Do we have a design for this yet?', '2026-05-09T00:00:00'),
  (21, 1, 6, 'Can you add a test for the edge case?', '2026-03-09T00:00:00'),
  (21, 1, 2, 'I''ll pick this up tomorrow.', '2025-12-09T00:00:00'),
  (22, 1, 8, 'Can you add a test for the edge case?', '2026-02-27T00:00:00'),
  (23, 1, 7, 'I''ll pick this up tomorrow.', '2025-12-27T00:00:00'),
  (23, 1, 1, 'Let''s split this into two tasks.', '2026-05-02T00:00:00'),
  (24, 1, 5, 'Can you add a test for the edge case?', '2026-03-19T00:00:00'),
  (25, 1, 1, 'Pushed a fix - please re-review.', '2026-04-05T00:00:00'),
  (25, 1, 5, 'Nice, that''s much cleaner.', '2026-02-16T00:00:00'),
  (26, 1, 6, 'Looks good to me.', '2025-12-24T00:00:00'),
  (26, 1, 6, 'Nice, that''s much cleaner.', '2026-03-06T00:00:00'),
  (27, 1, 6, 'Do we have a design for this yet?', '2026-02-09T00:00:00'),
  (28, 1, 1, 'Done, moving to review.', '2025-12-29T00:00:00'),
  (28, 1, 6, 'Nice, that''s much cleaner.', '2026-04-22T00:00:00'),
  (28, 1, 1, 'Nice, that''s much cleaner.', '2026-04-24T00:00:00'),
  (29, 1, 9, 'Bumping priority - customer is waiting.', '2025-12-05T00:00:00'),
  (29, 1, 6, 'Can you add a test for the edge case?', '2026-04-27T00:00:00'),
  (31, 1, 5, 'Done, moving to review.', '2026-04-11T00:00:00'),
  (31, 1, 9, 'Pushed a fix - please re-review.', '2026-04-01T00:00:00'),
  (32, 1, 8, 'Bumping priority - customer is waiting.', '2026-02-25T00:00:00'),
  (34, 1, 1, 'Can you add a test for the edge case?', '2025-12-03T00:00:00'),
  (34, 1, 2, 'This is blocked until the migration lands.', '2026-06-16T00:00:00'),
  (35, 1, 9, 'Nice, that''s much cleaner.', '2026-04-02T00:00:00'),
  (35, 1, 7, 'This is blocked until the migration lands.', '2026-01-04T00:00:00'),
  (35, 1, 1, 'This is blocked until the migration lands.', '2026-02-18T00:00:00'),
  (36, 1, 8, 'Can you add a test for the edge case?', '2025-12-03T00:00:00'),
  (37, 1, 2, 'Bumping priority - customer is waiting.', '2026-04-28T00:00:00'),
  (37, 1, 7, 'Pushed a fix - please re-review.', '2026-03-28T00:00:00'),
  (38, 1, 9, 'Can you add a test for the edge case?', '2026-05-10T00:00:00'),
  (38, 1, 5, 'Let''s split this into two tasks.', '2025-12-27T00:00:00'),
  (39, 1, 7, 'Do we have a design for this yet?', '2026-01-19T00:00:00'),
  (40, 1, 7, 'Bumping priority - customer is waiting.', '2026-05-12T00:00:00'),
  (40, 1, 1, 'Done, moving to review.', '2026-04-08T00:00:00'),
  (41, 1, 2, 'Let''s split this into two tasks.', '2026-02-21T00:00:00'),
  (41, 1, 2, 'Nice, that''s much cleaner.', '2026-01-15T00:00:00'),
  (42, 1, 6, 'Pushed a fix - please re-review.', '2026-04-26T00:00:00'),
  (43, 1, 7, 'I''ll pick this up tomorrow.', '2026-05-28T00:00:00'),
  (43, 1, 2, 'Bumping priority - customer is waiting.', '2026-06-16T00:00:00'),
  (44, 1, 6, 'Pushed a fix - please re-review.', '2025-12-05T00:00:00'),
  (45, 1, 1, 'Done, moving to review.', '2026-02-27T00:00:00'),
  (45, 1, 1, 'Pushed a fix - please re-review.', '2026-01-20T00:00:00'),
  (46, 1, 7, 'Bumping priority - customer is waiting.', '2026-03-07T00:00:00'),
  (46, 1, 1, 'Done, moving to review.', '2026-06-13T00:00:00'),
  (46, 1, 7, 'This is blocked until the migration lands.', '2026-06-19T00:00:00'),
  (47, 1, 2, 'Looks good to me.', '2025-12-23T00:00:00'),
  (47, 1, 6, 'Do we have a design for this yet?', '2026-06-01T00:00:00'),
  (48, 1, 2, 'Can you add a test for the edge case?', '2026-02-11T00:00:00'),
  (48, 1, 8, 'Pushed a fix - please re-review.', '2026-05-03T00:00:00'),
  (48, 1, 8, 'Nice, that''s much cleaner.', '2026-03-14T00:00:00'),
  (51, 1, 8, 'Pushed a fix - please re-review.', '2026-02-20T00:00:00'),
  (51, 1, 7, 'Nice, that''s much cleaner.', '2026-04-28T00:00:00'),
  (51, 1, 5, 'This is blocked until the migration lands.', '2026-03-04T00:00:00'),
  (52, 1, 9, 'This is blocked until the migration lands.', '2026-04-17T00:00:00'),
  (54, 1, 8, 'Do we have a design for this yet?', '2026-03-19T00:00:00'),
  (54, 1, 9, 'Nice, that''s much cleaner.', '2026-01-24T00:00:00'),
  (55, 1, 6, 'Looks good to me.', '2026-02-19T00:00:00'),
  (55, 1, 8, 'I''ll pick this up tomorrow.', '2026-05-13T00:00:00'),
  (56, 1, 7, 'Looks good to me.', '2026-02-10T00:00:00'),
  (56, 1, 8, 'Nice, that''s much cleaner.', '2026-01-21T00:00:00'),
  (57, 2, 3, 'Bumping priority - customer is waiting.', '2025-12-16T00:00:00'),
  (58, 2, 3, 'Looks good to me.', '2026-05-09T00:00:00'),
  (59, 2, 4, 'I''ll pick this up tomorrow.', '2026-04-21T00:00:00'),
  (59, 2, 12, 'Done, moving to review.', '2026-05-23T00:00:00'),
  (59, 2, 3, 'Pushed a fix - please re-review.', '2026-04-09T00:00:00'),
  (61, 2, 11, 'Do we have a design for this yet?', '2026-05-25T00:00:00'),
  (61, 2, 4, 'Done, moving to review.', '2026-01-27T00:00:00'),
  (61, 2, 4, 'Let''s split this into two tasks.', '2026-03-14T00:00:00'),
  (62, 2, 13, 'Pushed a fix - please re-review.', '2025-12-14T00:00:00'),
  (62, 2, 4, 'Pushed a fix - please re-review.', '2026-04-24T00:00:00'),
  (64, 2, 11, 'Looks good to me.', '2026-05-02T00:00:00'),
  (64, 2, 12, 'I''ll pick this up tomorrow.', '2026-05-30T00:00:00'),
  (64, 2, 10, 'Looks good to me.', '2025-12-29T00:00:00'),
  (65, 2, 11, 'Done, moving to review.', '2026-05-27T00:00:00'),
  (66, 2, 11, 'Looks good to me.', '2026-06-17T00:00:00'),
  (66, 2, 11, 'Do we have a design for this yet?', '2026-03-29T00:00:00'),
  (67, 2, 10, 'Bumping priority - customer is waiting.', '2026-03-02T00:00:00'),
  (68, 2, 13, 'Looks good to me.', '2026-05-31T00:00:00'),
  (69, 2, 12, 'Let''s split this into two tasks.', '2026-04-15T00:00:00'),
  (70, 2, 10, 'Let''s split this into two tasks.', '2026-02-02T00:00:00'),
  (70, 2, 3, 'I''ll pick this up tomorrow.', '2026-04-22T00:00:00'),
  (70, 2, 11, 'This is blocked until the migration lands.', '2026-01-13T00:00:00'),
  (71, 2, 4, 'I''ll pick this up tomorrow.', '2026-04-05T00:00:00'),
  (72, 2, 4, 'Done, moving to review.', '2026-04-12T00:00:00'),
  (73, 2, 10, 'Do we have a design for this yet?', '2026-03-24T00:00:00'),
  (74, 2, 10, 'Pushed a fix - please re-review.', '2026-05-04T00:00:00'),
  (74, 2, 12, 'Pushed a fix - please re-review.', '2026-01-18T00:00:00'),
  (75, 2, 10, 'Pushed a fix - please re-review.', '2026-01-04T00:00:00'),
  (75, 2, 10, 'Let''s split this into two tasks.', '2025-12-24T00:00:00'),
  (75, 2, 10, 'Do we have a design for this yet?', '2025-12-11T00:00:00'),
  (76, 2, 13, 'Can you add a test for the edge case?', '2026-06-15T00:00:00'),
  (77, 2, 12, 'Can you add a test for the edge case?', '2026-03-08T00:00:00'),
  (77, 2, 13, 'Nice, that''s much cleaner.', '2026-02-22T00:00:00'),
  (79, 2, 4, 'Nice, that''s much cleaner.', '2026-01-16T00:00:00'),
  (79, 2, 3, 'Done, moving to review.', '2026-05-22T00:00:00'),
  (79, 2, 3, 'Nice, that''s much cleaner.', '2025-12-05T00:00:00'),
  (82, 2, 13, 'Looks good to me.', '2026-01-31T00:00:00'),
  (82, 2, 4, 'Do we have a design for this yet?', '2026-03-02T00:00:00'),
  (83, 2, 4, 'Looks good to me.', '2026-01-03T00:00:00'),
  (84, 2, 10, 'Nice, that''s much cleaner.', '2026-05-24T00:00:00'),
  (84, 2, 12, 'Do we have a design for this yet?', '2026-01-27T00:00:00'),
  (84, 2, 3, 'Pushed a fix - please re-review.', '2026-06-17T00:00:00'),
  (85, 2, 4, 'Bumping priority - customer is waiting.', '2026-05-14T00:00:00'),
  (86, 2, 12, 'Nice, that''s much cleaner.', '2026-05-13T00:00:00'),
  (86, 2, 3, 'Done, moving to review.', '2025-12-02T00:00:00'),
  (87, 2, 3, 'This is blocked until the migration lands.', '2026-05-03T00:00:00'),
  (87, 2, 13, 'Nice, that''s much cleaner.', '2026-01-20T00:00:00'),
  (88, 2, 11, 'Can you add a test for the edge case?', '2026-01-22T00:00:00'),
  (88, 2, 4, 'Can you add a test for the edge case?', '2026-04-17T00:00:00'),
  (88, 2, 3, 'Pushed a fix - please re-review.', '2026-02-17T00:00:00'),
  (90, 2, 12, 'Bumping priority - customer is waiting.', '2026-03-04T00:00:00'),
  (92, 2, 12, 'I''ll pick this up tomorrow.', '2026-01-25T00:00:00'),
  (92, 2, 12, 'Bumping priority - customer is waiting.', '2026-04-17T00:00:00'),
  (93, 2, 13, 'Looks good to me.', '2025-12-24T00:00:00'),
  (94, 2, 10, 'Pushed a fix - please re-review.', '2025-12-09T00:00:00'),
  (95, 2, 10, 'Let''s split this into two tasks.', '2026-05-09T00:00:00'),
  (96, 2, 13, 'Do we have a design for this yet?', '2026-01-11T00:00:00'),
  (96, 2, 4, 'Looks good to me.', '2026-05-28T00:00:00'),
  (96, 2, 12, 'This is blocked until the migration lands.', '2026-02-17T00:00:00'),
  (97, 2, 4, 'Looks good to me.', '2026-06-11T00:00:00'),
  (98, 2, 11, 'This is blocked until the migration lands.', '2026-02-17T00:00:00'),
  (98, 2, 11, 'Done, moving to review.', '2026-02-23T00:00:00'),
  (99, 2, 11, 'Pushed a fix - please re-review.', '2026-02-15T00:00:00'),
  (99, 2, 11, 'This is blocked until the migration lands.', '2026-02-16T00:00:00'),
  (100, 2, 4, 'I''ll pick this up tomorrow.', '2026-05-07T00:00:00'),
  (100, 2, 3, 'Pushed a fix - please re-review.', '2026-04-10T00:00:00'),
  (100, 2, 12, 'Nice, that''s much cleaner.', '2026-03-17T00:00:00'),
  (101, 2, 12, 'Bumping priority - customer is waiting.', '2026-05-08T00:00:00'),
  (102, 2, 10, 'Pushed a fix - please re-review.', '2026-01-02T00:00:00'),
  (103, 2, 10, 'Looks good to me.', '2026-04-28T00:00:00'),
  (103, 2, 12, 'Can you add a test for the edge case?', '2026-03-08T00:00:00'),
  (103, 2, 11, 'Let''s split this into two tasks.', '2026-01-02T00:00:00'),
  (104, 2, 11, 'Pushed a fix - please re-review.', '2025-12-28T00:00:00'),
  (104, 2, 4, 'Pushed a fix - please re-review.', '2025-12-27T00:00:00'),
  (105, 2, 4, 'Done, moving to review.', '2026-01-08T00:00:00'),
  (106, 2, 12, 'Nice, that''s much cleaner.', '2026-05-25T00:00:00'),
  (106, 2, 12, 'Bumping priority - customer is waiting.', '2026-03-13T00:00:00'),
  (107, 2, 12, 'Nice, that''s much cleaner.', '2026-02-04T00:00:00'),
  (107, 2, 3, 'Bumping priority - customer is waiting.', '2026-01-12T00:00:00'),
  (107, 2, 10, 'Pushed a fix - please re-review.', '2026-06-09T00:00:00'),
  (109, 2, 10, 'Can you add a test for the edge case?', '2026-02-20T00:00:00'),
  (110, 3, 14, 'Nice, that''s much cleaner.', '2026-06-17T00:00:00'),
  (110, 3, 14, 'Let''s split this into two tasks.', '2026-02-08T00:00:00'),
  (110, 3, 15, 'Let''s split this into two tasks.', '2026-06-04T00:00:00'),
  (111, 3, 17, 'Do we have a design for this yet?', '2026-04-06T00:00:00'),
  (111, 3, 14, 'Let''s split this into two tasks.', '2026-03-21T00:00:00'),
  (111, 3, 14, 'Nice, that''s much cleaner.', '2026-06-13T00:00:00'),
  (113, 3, 14, 'Nice, that''s much cleaner.', '2025-12-21T00:00:00'),
  (113, 3, 14, 'Bumping priority - customer is waiting.', '2026-01-12T00:00:00'),
  (116, 3, 15, 'Done, moving to review.', '2026-03-30T00:00:00'),
  (123, 3, 16, 'Let''s split this into two tasks.', '2026-04-20T00:00:00'),
  (123, 3, 16, 'Can you add a test for the edge case?', '2026-01-10T00:00:00'),
  (124, 3, 17, 'This is blocked until the migration lands.', '2026-04-04T00:00:00'),
  (124, 3, 14, 'Can you add a test for the edge case?', '2026-06-01T00:00:00'),
  (124, 3, 16, 'Done, moving to review.', '2026-06-15T00:00:00'),
  (125, 3, 16, 'Done, moving to review.', '2026-05-10T00:00:00'),
  (125, 3, 16, 'Looks good to me.', '2026-01-24T00:00:00'),
  (126, 3, 15, 'Bumping priority - customer is waiting.', '2026-04-26T00:00:00'),
  (126, 3, 14, 'Nice, that''s much cleaner.', '2025-12-13T00:00:00'),
  (127, 3, 16, 'Can you add a test for the edge case?', '2026-06-05T00:00:00'),
  (128, 3, 17, 'This is blocked until the migration lands.', '2026-01-12T00:00:00'),
  (128, 3, 14, 'I''ll pick this up tomorrow.', '2026-04-04T00:00:00'),
  (128, 3, 15, 'Bumping priority - customer is waiting.', '2026-05-13T00:00:00'),
  (129, 3, 15, 'Pushed a fix - please re-review.', '2026-04-09T00:00:00'),
  (129, 3, 15, 'Bumping priority - customer is waiting.', '2026-01-18T00:00:00'),
  (130, 3, 16, 'I''ll pick this up tomorrow.', '2026-06-18T00:00:00'),
  (131, 3, 17, 'Looks good to me.', '2026-06-08T00:00:00'),
  (132, 3, 15, 'I''ll pick this up tomorrow.', '2026-04-10T00:00:00'),
  (134, 3, 16, 'Do we have a design for this yet?', '2026-01-25T00:00:00'),
  (134, 3, 16, 'Done, moving to review.', '2026-06-02T00:00:00'),
  (134, 3, 16, 'Done, moving to review.', '2026-02-26T00:00:00'),
  (135, 3, 17, 'Done, moving to review.', '2026-03-18T00:00:00'),
  (135, 3, 14, 'Done, moving to review.', '2025-12-25T00:00:00'),
  (135, 3, 14, 'I''ll pick this up tomorrow.', '2026-02-13T00:00:00'),
  (136, 3, 14, 'I''ll pick this up tomorrow.', '2026-01-23T00:00:00'),
  (136, 3, 16, 'This is blocked until the migration lands.', '2025-12-24T00:00:00'),
  (136, 3, 17, 'Nice, that''s much cleaner.', '2026-02-21T00:00:00'),
  (138, 3, 17, 'Pushed a fix - please re-review.', '2025-12-12T00:00:00'),
  (138, 3, 15, 'I''ll pick this up tomorrow.', '2026-02-19T00:00:00'),
  (139, 3, 17, 'Do we have a design for this yet?', '2026-01-28T00:00:00'),
  (140, 3, 14, 'Do we have a design for this yet?', '2026-05-04T00:00:00'),
  (140, 3, 15, 'Bumping priority - customer is waiting.', '2026-06-09T00:00:00'),
  (140, 3, 15, 'Nice, that''s much cleaner.', '2026-06-14T00:00:00'),
  (141, 3, 14, 'Can you add a test for the edge case?', '2026-05-14T00:00:00'),
  (141, 3, 16, 'Do we have a design for this yet?', '2026-02-14T00:00:00'),
  (141, 3, 17, 'This is blocked until the migration lands.', '2026-02-01T00:00:00'),
  (142, 3, 16, 'I''ll pick this up tomorrow.', '2026-05-04T00:00:00'),
  (143, 3, 16, 'Can you add a test for the edge case?', '2026-04-08T00:00:00'),
  (144, 3, 15, 'I''ll pick this up tomorrow.', '2026-04-04T00:00:00'),
  (144, 3, 14, 'Let''s split this into two tasks.', '2026-05-12T00:00:00'),
  (145, 3, 16, 'I''ll pick this up tomorrow.', '2026-01-17T00:00:00'),
  (146, 3, 16, 'Can you add a test for the edge case?', '2026-03-01T00:00:00'),
  (146, 3, 14, 'This is blocked until the migration lands.', '2026-05-11T00:00:00'),
  (148, 3, 16, 'Do we have a design for this yet?', '2026-05-31T00:00:00'),
  (149, 3, 15, 'Nice, that''s much cleaner.', '2026-06-06T00:00:00'),
  (149, 3, 15, 'Bumping priority - customer is waiting.', '2026-04-06T00:00:00'),
  (150, 3, 16, 'Can you add a test for the edge case?', '2026-02-22T00:00:00'),
  (150, 3, 15, 'Can you add a test for the edge case?', '2026-01-08T00:00:00'),
  (151, 3, 14, 'Looks good to me.', '2026-02-16T00:00:00'),
  (151, 3, 17, 'Nice, that''s much cleaner.', '2026-02-08T00:00:00'),
  (151, 3, 15, 'Done, moving to review.', '2026-06-10T00:00:00'),
  (152, 4, 18, 'Let''s split this into two tasks.', '2026-03-26T00:00:00'),
  (152, 4, 18, 'Bumping priority - customer is waiting.', '2026-05-05T00:00:00'),
  (152, 4, 19, 'Looks good to me.', '2026-04-13T00:00:00'),
  (153, 4, 18, 'Pushed a fix - please re-review.', '2026-05-08T00:00:00'),
  (153, 4, 21, 'Bumping priority - customer is waiting.', '2025-12-22T00:00:00'),
  (153, 4, 18, 'Do we have a design for this yet?', '2026-03-20T00:00:00'),
  (154, 4, 18, 'Done, moving to review.', '2026-02-12T00:00:00'),
  (154, 4, 20, 'I''ll pick this up tomorrow.', '2026-03-18T00:00:00'),
  (155, 4, 21, 'Pushed a fix - please re-review.', '2026-06-19T00:00:00'),
  (155, 4, 21, 'Bumping priority - customer is waiting.', '2026-03-10T00:00:00'),
  (156, 4, 19, 'Done, moving to review.', '2026-03-29T00:00:00'),
  (156, 4, 20, 'Done, moving to review.', '2026-03-02T00:00:00'),
  (156, 4, 18, 'I''ll pick this up tomorrow.', '2026-06-05T00:00:00'),
  (158, 4, 21, 'Done, moving to review.', '2026-05-11T00:00:00'),
  (158, 4, 18, 'Done, moving to review.', '2025-12-08T00:00:00'),
  (158, 4, 21, 'Pushed a fix - please re-review.', '2026-01-17T00:00:00'),
  (159, 4, 20, 'Done, moving to review.', '2026-02-17T00:00:00'),
  (159, 4, 20, 'Done, moving to review.', '2026-06-06T00:00:00'),
  (159, 4, 20, 'Can you add a test for the edge case?', '2026-03-12T00:00:00'),
  (160, 4, 21, 'Done, moving to review.', '2026-05-18T00:00:00'),
  (160, 4, 19, 'Looks good to me.', '2026-02-23T00:00:00'),
  (160, 4, 21, 'I''ll pick this up tomorrow.', '2026-03-03T00:00:00'),
  (161, 4, 19, 'Bumping priority - customer is waiting.', '2026-01-04T00:00:00'),
  (161, 4, 19, 'Pushed a fix - please re-review.', '2026-04-17T00:00:00'),
  (161, 4, 21, 'Looks good to me.', '2025-12-23T00:00:00'),
  (162, 4, 20, 'This is blocked until the migration lands.', '2025-12-27T00:00:00'),
  (162, 4, 18, 'Done, moving to review.', '2026-02-08T00:00:00'),
  (164, 4, 19, 'Nice, that''s much cleaner.', '2025-12-18T00:00:00'),
  (164, 4, 21, 'Let''s split this into two tasks.', '2026-02-01T00:00:00'),
  (167, 4, 21, 'Can you add a test for the edge case?', '2026-01-22T00:00:00'),
  (167, 4, 20, 'This is blocked until the migration lands.', '2026-02-15T00:00:00'),
  (168, 4, 19, 'Nice, that''s much cleaner.', '2026-02-18T00:00:00'),
  (168, 4, 18, 'Looks good to me.', '2026-01-01T00:00:00'),
  (169, 4, 19, 'Bumping priority - customer is waiting.', '2026-02-02T00:00:00'),
  (169, 4, 21, 'Do we have a design for this yet?', '2026-06-17T00:00:00'),
  (169, 4, 21, 'Nice, that''s much cleaner.', '2025-12-23T00:00:00'),
  (170, 4, 20, 'Pushed a fix - please re-review.', '2026-06-19T00:00:00'),
  (170, 4, 20, 'Looks good to me.', '2026-05-31T00:00:00'),
  (170, 4, 20, 'Let''s split this into two tasks.', '2026-04-14T00:00:00'),
  (171, 4, 21, 'Done, moving to review.', '2026-03-28T00:00:00'),
  (173, 4, 18, 'Looks good to me.', '2025-12-16T00:00:00'),
  (173, 4, 19, 'Bumping priority - customer is waiting.', '2026-06-02T00:00:00'),
  (173, 4, 21, 'This is blocked until the migration lands.', '2026-01-01T00:00:00'),
  (174, 4, 21, 'Let''s split this into two tasks.', '2026-01-02T00:00:00'),
  (175, 4, 19, 'Looks good to me.', '2026-02-21T00:00:00'),
  (175, 4, 21, 'Bumping priority - customer is waiting.', '2025-12-23T00:00:00'),
  (175, 4, 18, 'Let''s split this into two tasks.', '2026-02-05T00:00:00'),
  (176, 4, 18, 'Bumping priority - customer is waiting.', '2026-01-09T00:00:00'),
  (177, 4, 21, 'This is blocked until the migration lands.', '2026-03-07T00:00:00'),
  (177, 4, 21, 'Nice, that''s much cleaner.', '2025-12-29T00:00:00'),
  (179, 4, 20, 'Done, moving to review.', '2026-02-12T00:00:00'),
  (179, 4, 20, 'Let''s split this into two tasks.', '2026-01-08T00:00:00'),
  (181, 4, 19, 'I''ll pick this up tomorrow.', '2026-02-05T00:00:00'),
  (181, 4, 21, 'Can you add a test for the edge case?', '2026-01-26T00:00:00'),
  (182, 4, 21, 'Bumping priority - customer is waiting.', '2026-05-18T00:00:00'),
  (182, 4, 19, 'Pushed a fix - please re-review.', '2026-05-09T00:00:00'),
  (182, 4, 18, 'Let''s split this into two tasks.', '2026-02-19T00:00:00'),
  (183, 4, 20, 'This is blocked until the migration lands.', '2025-12-29T00:00:00'),
  (184, 4, 20, 'Bumping priority - customer is waiting.', '2026-03-15T00:00:00'),
  (184, 4, 21, 'Can you add a test for the edge case?', '2025-12-30T00:00:00'),
  (184, 4, 18, 'This is blocked until the migration lands.', '2026-03-18T00:00:00'),
  (185, 4, 20, 'Nice, that''s much cleaner.', '2025-12-30T00:00:00'),
  (186, 4, 18, 'Bumping priority - customer is waiting.', '2026-03-31T00:00:00'),
  (186, 4, 19, 'Pushed a fix - please re-review.', '2025-12-28T00:00:00'),
  (187, 4, 19, 'Do we have a design for this yet?', '2026-04-14T00:00:00'),
  (187, 4, 18, 'I''ll pick this up tomorrow.', '2026-02-25T00:00:00'),
  (188, 4, 18, 'Nice, that''s much cleaner.', '2026-04-25T00:00:00'),
  (189, 4, 20, 'Do we have a design for this yet?', '2025-12-08T00:00:00'),
  (189, 4, 20, 'Bumping priority - customer is waiting.', '2026-03-15T00:00:00'),
  (189, 4, 18, 'Bumping priority - customer is waiting.', '2025-12-07T00:00:00'),
  (190, 4, 18, 'Let''s split this into two tasks.', '2026-01-25T00:00:00'),
  (190, 4, 18, 'I''ll pick this up tomorrow.', '2026-01-29T00:00:00'),
  (191, 4, 21, 'This is blocked until the migration lands.', '2025-12-03T00:00:00'),
  (191, 4, 18, 'Pushed a fix - please re-review.', '2026-06-19T00:00:00'),
  (191, 4, 21, 'Pushed a fix - please re-review.', '2026-01-22T00:00:00'),
  (192, 4, 19, 'Bumping priority - customer is waiting.', '2025-12-06T00:00:00'),
  (192, 4, 18, 'Can you add a test for the edge case?', '2026-04-15T00:00:00'),
  (192, 4, 19, 'Done, moving to review.', '2026-02-10T00:00:00'),
  (193, 4, 21, 'This is blocked until the migration lands.', '2026-04-05T00:00:00'),
  (193, 4, 19, 'Bumping priority - customer is waiting.', '2025-12-12T00:00:00'),
  (193, 4, 20, 'Can you add a test for the edge case?', '2026-04-24T00:00:00'),
  (194, 4, 19, 'This is blocked until the migration lands.', '2026-05-17T00:00:00'),
  (196, 4, 18, 'I''ll pick this up tomorrow.', '2026-01-20T00:00:00'),
  (196, 4, 19, 'Nice, that''s much cleaner.', '2026-06-06T00:00:00'),
  (196, 4, 21, 'Done, moving to review.', '2025-12-17T00:00:00'),
  (197, 4, 20, 'Let''s split this into two tasks.', '2026-03-29T00:00:00'),
  (197, 4, 18, 'Can you add a test for the edge case?', '2026-05-01T00:00:00'),
  (198, 4, 19, 'Can you add a test for the edge case?', '2025-12-30T00:00:00'),
  (198, 4, 21, 'Let''s split this into two tasks.', '2025-12-16T00:00:00'),
  (198, 4, 18, 'I''ll pick this up tomorrow.', '2026-05-22T00:00:00'),
  (199, 4, 19, 'Nice, that''s much cleaner.', '2026-02-11T00:00:00'),
  (200, 5, 24, 'Done, moving to review.', '2026-02-17T00:00:00'),
  (200, 5, 22, 'Let''s split this into two tasks.', '2025-12-03T00:00:00'),
  (201, 5, 22, 'Do we have a design for this yet?', '2026-01-08T00:00:00'),
  (202, 5, 26, 'Done, moving to review.', '2026-01-04T00:00:00'),
  (203, 5, 23, 'I''ll pick this up tomorrow.', '2025-12-19T00:00:00'),
  (204, 5, 24, 'This is blocked until the migration lands.', '2026-04-03T00:00:00'),
  (204, 5, 23, 'Bumping priority - customer is waiting.', '2026-01-24T00:00:00'),
  (204, 5, 22, 'I''ll pick this up tomorrow.', '2026-01-01T00:00:00'),
  (205, 5, 26, 'Do we have a design for this yet?', '2026-01-14T00:00:00'),
  (205, 5, 27, 'Done, moving to review.', '2026-05-17T00:00:00'),
  (205, 5, 24, 'Done, moving to review.', '2026-05-19T00:00:00'),
  (206, 5, 24, 'Let''s split this into two tasks.', '2026-05-09T00:00:00'),
  (207, 5, 26, 'Can you add a test for the edge case?', '2026-01-29T00:00:00'),
  (208, 5, 22, 'I''ll pick this up tomorrow.', '2026-04-09T00:00:00'),
  (208, 5, 24, 'Nice, that''s much cleaner.', '2026-01-26T00:00:00'),
  (208, 5, 23, 'Pushed a fix - please re-review.', '2026-02-05T00:00:00'),
  (210, 5, 22, 'Looks good to me.', '2026-03-23T00:00:00'),
  (212, 5, 23, 'This is blocked until the migration lands.', '2025-12-04T00:00:00'),
  (212, 5, 26, 'Nice, that''s much cleaner.', '2026-03-30T00:00:00'),
  (213, 5, 27, 'I''ll pick this up tomorrow.', '2026-01-10T00:00:00'),
  (213, 5, 25, 'Bumping priority - customer is waiting.', '2026-02-08T00:00:00'),
  (214, 5, 27, 'Pushed a fix - please re-review.', '2026-02-02T00:00:00'),
  (214, 5, 26, 'Can you add a test for the edge case?', '2026-04-18T00:00:00'),
  (215, 5, 25, 'Do we have a design for this yet?', '2026-04-22T00:00:00'),
  (216, 5, 25, 'Looks good to me.', '2026-01-18T00:00:00'),
  (217, 5, 25, 'This is blocked until the migration lands.', '2026-04-08T00:00:00'),
  (218, 5, 25, 'Do we have a design for this yet?', '2026-06-17T00:00:00'),
  (218, 5, 22, 'Can you add a test for the edge case?', '2026-01-01T00:00:00'),
  (218, 5, 26, 'Do we have a design for this yet?', '2026-04-06T00:00:00'),
  (219, 5, 26, 'I''ll pick this up tomorrow.', '2026-05-12T00:00:00'),
  (219, 5, 23, 'Do we have a design for this yet?', '2026-02-08T00:00:00'),
  (219, 5, 27, 'This is blocked until the migration lands.', '2026-01-03T00:00:00'),
  (221, 5, 27, 'I''ll pick this up tomorrow.', '2026-02-05T00:00:00'),
  (221, 5, 25, 'Nice, that''s much cleaner.', '2025-12-08T00:00:00'),
  (221, 5, 24, 'Let''s split this into two tasks.', '2026-02-11T00:00:00'),
  (222, 5, 24, 'This is blocked until the migration lands.', '2025-12-09T00:00:00'),
  (222, 5, 24, 'I''ll pick this up tomorrow.', '2026-04-02T00:00:00'),
  (223, 5, 23, 'Can you add a test for the edge case?', '2025-12-11T00:00:00'),
  (223, 5, 26, 'This is blocked until the migration lands.', '2026-01-14T00:00:00'),
  (224, 5, 23, 'Looks good to me.', '2026-05-21T00:00:00'),
  (224, 5, 25, 'Can you add a test for the edge case?', '2025-12-30T00:00:00'),
  (224, 5, 25, 'Can you add a test for the edge case?', '2026-04-19T00:00:00'),
  (225, 5, 25, 'Done, moving to review.', '2026-01-23T00:00:00'),
  (225, 5, 23, 'Nice, that''s much cleaner.', '2025-12-28T00:00:00'),
  (227, 5, 26, 'Do we have a design for this yet?', '2026-01-16T00:00:00'),
  (227, 5, 23, 'Nice, that''s much cleaner.', '2026-02-07T00:00:00'),
  (227, 5, 23, 'Do we have a design for this yet?', '2026-05-20T00:00:00'),
  (228, 5, 22, 'Do we have a design for this yet?', '2026-01-03T00:00:00'),
  (228, 5, 24, 'I''ll pick this up tomorrow.', '2026-01-19T00:00:00'),
  (229, 5, 26, 'Nice, that''s much cleaner.', '2026-03-10T00:00:00'),
  (229, 5, 25, 'Bumping priority - customer is waiting.', '2026-05-29T00:00:00'),
  (229, 5, 23, 'Let''s split this into two tasks.', '2025-12-08T00:00:00'),
  (231, 5, 27, 'Nice, that''s much cleaner.', '2026-05-14T00:00:00'),
  (232, 5, 23, 'Looks good to me.', '2026-03-11T00:00:00'),
  (233, 5, 22, 'Pushed a fix - please re-review.', '2025-12-15T00:00:00'),
  (233, 5, 24, 'This is blocked until the migration lands.', '2026-02-04T00:00:00'),
  (234, 5, 23, 'I''ll pick this up tomorrow.', '2026-05-18T00:00:00'),
  (234, 5, 25, 'Bumping priority - customer is waiting.', '2026-04-17T00:00:00'),
  (236, 5, 27, 'Nice, that''s much cleaner.', '2026-01-26T00:00:00'),
  (236, 5, 22, 'Bumping priority - customer is waiting.', '2026-06-03T00:00:00'),
  (238, 5, 22, 'Looks good to me.', '2026-05-09T00:00:00'),
  (239, 5, 22, 'Can you add a test for the edge case?', '2025-12-31T00:00:00'),
  (241, 5, 23, 'Can you add a test for the edge case?', '2026-03-14T00:00:00'),
  (241, 5, 27, 'Pushed a fix - please re-review.', '2026-03-18T00:00:00'),
  (241, 5, 24, 'Nice, that''s much cleaner.', '2025-12-14T00:00:00'),
  (243, 5, 27, 'Done, moving to review.', '2026-03-14T00:00:00'),
  (243, 5, 23, 'Looks good to me.', '2025-12-22T00:00:00'),
  (245, 5, 24, 'Nice, that''s much cleaner.', '2026-03-21T00:00:00'),
  (245, 5, 22, 'Nice, that''s much cleaner.', '2026-06-06T00:00:00'),
  (246, 5, 27, 'Pushed a fix - please re-review.', '2026-03-10T00:00:00'),
  (249, 5, 23, 'Can you add a test for the edge case?', '2025-12-08T00:00:00'),
  (249, 5, 23, 'Pushed a fix - please re-review.', '2026-04-19T00:00:00'),
  (249, 5, 23, 'Bumping priority - customer is waiting.', '2026-04-02T00:00:00'),
  (250, 5, 27, 'Let''s split this into two tasks.', '2026-02-11T00:00:00'),
  (250, 5, 27, 'Looks good to me.', '2025-12-07T00:00:00'),
  (250, 5, 25, 'Nice, that''s much cleaner.', '2025-12-31T00:00:00'),
  (251, 5, 25, 'Looks good to me.', '2026-05-18T00:00:00'),
  (251, 5, 26, 'This is blocked until the migration lands.', '2026-04-15T00:00:00'),
  (252, 5, 25, 'Pushed a fix - please re-review.', '2025-12-23T00:00:00'),
  (252, 5, 26, 'Done, moving to review.', '2026-01-10T00:00:00'),
  (252, 5, 23, 'Pushed a fix - please re-review.', '2025-12-07T00:00:00'),
  (253, 5, 26, 'Do we have a design for this yet?', '2025-12-11T00:00:00'),
  (253, 5, 25, 'Let''s split this into two tasks.', '2026-04-29T00:00:00'),
  (253, 5, 23, 'Let''s split this into two tasks.', '2026-06-05T00:00:00'),
  (254, 5, 23, 'Can you add a test for the edge case?', '2026-02-21T00:00:00'),
  (254, 5, 27, 'Looks good to me.', '2026-01-14T00:00:00'),
  (255, 5, 24, 'I''ll pick this up tomorrow.', '2026-03-20T00:00:00'),
  (256, 5, 22, 'Do we have a design for this yet?', '2026-01-22T00:00:00'),
  (257, 5, 25, 'Can you add a test for the edge case?', '2026-04-26T00:00:00'),
  (259, 5, 23, 'Let''s split this into two tasks.', '2026-01-31T00:00:00'),
  (260, 5, 24, 'Let''s split this into two tasks.', '2026-02-28T00:00:00'),
  (260, 5, 25, 'Do we have a design for this yet?', '2026-02-17T00:00:00'),
  (261, 5, 22, 'Let''s split this into two tasks.', '2026-05-03T00:00:00'),
  (261, 5, 26, 'Can you add a test for the edge case?', '2026-01-09T00:00:00'),
  (261, 5, 27, 'I''ll pick this up tomorrow.', '2026-01-24T00:00:00'),
  (262, 5, 27, 'Can you add a test for the edge case?', '2026-03-06T00:00:00'),
  (262, 5, 27, 'Bumping priority - customer is waiting.', '2026-05-10T00:00:00'),
  (262, 5, 27, 'Let''s split this into two tasks.', '2026-01-01T00:00:00'),
  (264, 6, 33, 'Bumping priority - customer is waiting.', '2026-03-07T00:00:00'),
  (265, 6, 28, 'Can you add a test for the edge case?', '2025-12-22T00:00:00'),
  (267, 6, 30, 'Let''s split this into two tasks.', '2026-03-29T00:00:00'),
  (268, 6, 33, 'This is blocked until the migration lands.', '2025-12-13T00:00:00'),
  (268, 6, 28, 'Nice, that''s much cleaner.', '2026-01-18T00:00:00'),
  (268, 6, 29, 'Done, moving to review.', '2026-04-13T00:00:00'),
  (269, 6, 32, 'Pushed a fix - please re-review.', '2026-05-08T00:00:00'),
  (269, 6, 33, 'Done, moving to review.', '2026-03-14T00:00:00'),
  (269, 6, 30, 'Looks good to me.', '2026-05-25T00:00:00'),
  (271, 6, 29, 'Pushed a fix - please re-review.', '2025-12-13T00:00:00'),
  (271, 6, 31, 'Do we have a design for this yet?', '2026-05-11T00:00:00'),
  (272, 6, 30, 'Let''s split this into two tasks.', '2026-03-04T00:00:00'),
  (272, 6, 32, 'Nice, that''s much cleaner.', '2026-02-27T00:00:00'),
  (272, 6, 30, 'Pushed a fix - please re-review.', '2026-04-12T00:00:00'),
  (273, 6, 28, 'Do we have a design for this yet?', '2026-01-31T00:00:00'),
  (274, 6, 31, 'Do we have a design for this yet?', '2026-05-20T00:00:00'),
  (274, 6, 32, 'Pushed a fix - please re-review.', '2026-04-13T00:00:00'),
  (276, 6, 30, 'Let''s split this into two tasks.', '2026-04-22T00:00:00'),
  (276, 6, 28, 'Done, moving to review.', '2026-03-06T00:00:00'),
  (277, 6, 28, 'Pushed a fix - please re-review.', '2026-02-05T00:00:00'),
  (278, 6, 29, 'I''ll pick this up tomorrow.', '2025-12-04T00:00:00'),
  (279, 6, 32, 'Looks good to me.', '2026-05-22T00:00:00'),
  (279, 6, 31, 'Done, moving to review.', '2026-01-26T00:00:00'),
  (279, 6, 32, 'Done, moving to review.', '2026-05-29T00:00:00'),
  (283, 6, 30, 'I''ll pick this up tomorrow.', '2026-03-20T00:00:00'),
  (283, 6, 32, 'Done, moving to review.', '2025-12-12T00:00:00'),
  (283, 6, 31, 'Can you add a test for the edge case?', '2026-02-20T00:00:00'),
  (285, 6, 30, 'Do we have a design for this yet?', '2025-12-30T00:00:00'),
  (285, 6, 30, 'Can you add a test for the edge case?', '2026-05-23T00:00:00'),
  (287, 6, 32, 'Looks good to me.', '2026-01-15T00:00:00'),
  (287, 6, 32, 'Can you add a test for the edge case?', '2026-04-23T00:00:00'),
  (287, 6, 33, 'Pushed a fix - please re-review.', '2025-12-28T00:00:00'),
  (288, 6, 33, 'Bumping priority - customer is waiting.', '2026-04-06T00:00:00'),
  (288, 6, 31, 'Pushed a fix - please re-review.', '2026-01-10T00:00:00'),
  (289, 6, 30, 'Done, moving to review.', '2026-02-27T00:00:00'),
  (289, 6, 32, 'Bumping priority - customer is waiting.', '2025-12-08T00:00:00'),
  (290, 6, 32, 'Do we have a design for this yet?', '2026-05-11T00:00:00'),
  (290, 6, 30, 'This is blocked until the migration lands.', '2026-01-23T00:00:00'),
  (291, 6, 33, 'This is blocked until the migration lands.', '2026-02-25T00:00:00'),
  (292, 6, 32, 'Can you add a test for the edge case?', '2025-12-16T00:00:00'),
  (294, 6, 30, 'Bumping priority - customer is waiting.', '2026-05-27T00:00:00'),
  (294, 6, 31, 'Bumping priority - customer is waiting.', '2026-01-10T00:00:00'),
  (294, 6, 33, 'I''ll pick this up tomorrow.', '2026-03-24T00:00:00'),
  (295, 6, 31, 'Nice, that''s much cleaner.', '2026-02-27T00:00:00'),
  (295, 6, 28, 'Bumping priority - customer is waiting.', '2026-06-12T00:00:00'),
  (296, 6, 32, 'Do we have a design for this yet?', '2026-05-08T00:00:00'),
  (296, 6, 32, 'Pushed a fix - please re-review.', '2026-06-15T00:00:00'),
  (297, 6, 32, 'Pushed a fix - please re-review.', '2026-06-17T00:00:00'),
  (298, 6, 32, 'Can you add a test for the edge case?', '2026-02-16T00:00:00'),
  (300, 6, 29, 'Nice, that''s much cleaner.', '2026-03-05T00:00:00'),
  (300, 6, 28, 'Can you add a test for the edge case?', '2026-01-28T00:00:00'),
  (301, 6, 32, 'Nice, that''s much cleaner.', '2026-03-11T00:00:00'),
  (302, 6, 29, 'Nice, that''s much cleaner.', '2026-01-21T00:00:00'),
  (302, 6, 30, 'Done, moving to review.', '2026-01-17T00:00:00'),
  (304, 6, 31, 'Done, moving to review.', '2025-12-28T00:00:00'),
  (306, 6, 32, 'Nice, that''s much cleaner.', '2025-12-11T00:00:00'),
  (308, 6, 33, 'Bumping priority - customer is waiting.', '2026-03-13T00:00:00'),
  (310, 6, 33, 'Pushed a fix - please re-review.', '2025-12-02T00:00:00'),
  (310, 6, 33, 'Looks good to me.', '2026-03-22T00:00:00'),
  (310, 6, 30, 'Done, moving to review.', '2026-01-19T00:00:00'),
  (312, 6, 28, 'This is blocked until the migration lands.', '2026-02-12T00:00:00'),
  (312, 6, 29, 'Done, moving to review.', '2026-05-23T00:00:00'),
  (314, 6, 32, 'Pushed a fix - please re-review.', '2026-02-15T00:00:00'),
  (314, 6, 32, 'Nice, that''s much cleaner.', '2026-04-24T00:00:00'),
  (314, 6, 30, 'Do we have a design for this yet?', '2026-05-25T00:00:00'),
  (315, 6, 31, 'Done, moving to review.', '2026-06-17T00:00:00'),
  (316, 6, 32, 'Looks good to me.', '2026-06-07T00:00:00'),
  (316, 6, 32, 'Looks good to me.', '2026-02-08T00:00:00'),
  (316, 6, 31, 'Done, moving to review.', '2026-05-09T00:00:00'),
  (317, 6, 32, 'Pushed a fix - please re-review.', '2026-03-20T00:00:00'),
  (318, 6, 28, 'Can you add a test for the edge case?', '2026-02-21T00:00:00'),
  (319, 6, 28, 'Bumping priority - customer is waiting.', '2026-01-31T00:00:00'),
  (319, 6, 32, 'Let''s split this into two tasks.', '2026-05-05T00:00:00'),
  (319, 6, 33, 'Pushed a fix - please re-review.', '2026-04-05T00:00:00'),
  (320, 7, 37, 'Let''s split this into two tasks.', '2026-02-25T00:00:00'),
  (321, 7, 36, 'Let''s split this into two tasks.', '2026-04-02T00:00:00'),
  (321, 7, 35, 'This is blocked until the migration lands.', '2026-05-07T00:00:00'),
  (321, 7, 35, 'Nice, that''s much cleaner.', '2026-03-01T00:00:00'),
  (322, 7, 36, 'Can you add a test for the edge case?', '2026-06-03T00:00:00'),
  (322, 7, 34, 'Done, moving to review.', '2026-04-30T00:00:00'),
  (323, 7, 37, 'Looks good to me.', '2026-03-08T00:00:00'),
  (326, 7, 36, 'Do we have a design for this yet?', '2026-05-09T00:00:00'),
  (326, 7, 36, 'I''ll pick this up tomorrow.', '2026-01-14T00:00:00'),
  (326, 7, 35, 'Can you add a test for the edge case?', '2026-05-27T00:00:00'),
  (327, 7, 34, 'Can you add a test for the edge case?', '2026-01-14T00:00:00'),
  (327, 7, 37, 'Looks good to me.', '2026-02-16T00:00:00'),
  (327, 7, 35, 'Do we have a design for this yet?', '2026-03-09T00:00:00'),
  (329, 7, 34, 'Looks good to me.', '2025-12-30T00:00:00'),
  (331, 7, 37, 'Bumping priority - customer is waiting.', '2026-02-28T00:00:00'),
  (331, 7, 34, 'Done, moving to review.', '2025-12-19T00:00:00'),
  (331, 7, 35, 'Do we have a design for this yet?', '2026-06-18T00:00:00'),
  (332, 7, 37, 'Can you add a test for the edge case?', '2026-01-06T00:00:00'),
  (333, 7, 34, 'Bumping priority - customer is waiting.', '2026-05-27T00:00:00'),
  (334, 7, 36, 'Can you add a test for the edge case?', '2026-06-08T00:00:00'),
  (335, 7, 37, 'Do we have a design for this yet?', '2026-03-07T00:00:00'),
  (335, 7, 34, 'Done, moving to review.', '2026-02-04T00:00:00'),
  (337, 7, 36, 'Let''s split this into two tasks.', '2026-01-03T00:00:00'),
  (337, 7, 35, 'Do we have a design for this yet?', '2026-03-01T00:00:00'),
  (338, 7, 36, 'Done, moving to review.', '2026-06-03T00:00:00'),
  (338, 7, 36, 'Let''s split this into two tasks.', '2025-12-17T00:00:00'),
  (339, 7, 37, 'This is blocked until the migration lands.', '2026-02-18T00:00:00'),
  (341, 7, 34, 'Looks good to me.', '2026-03-20T00:00:00'),
  (341, 7, 35, 'Bumping priority - customer is waiting.', '2026-02-16T00:00:00'),
  (342, 7, 35, 'I''ll pick this up tomorrow.', '2026-01-28T00:00:00'),
  (342, 7, 34, 'I''ll pick this up tomorrow.', '2026-05-05T00:00:00'),
  (342, 7, 36, 'I''ll pick this up tomorrow.', '2026-01-07T00:00:00'),
  (343, 7, 35, 'Looks good to me.', '2026-03-03T00:00:00'),
  (343, 7, 37, 'This is blocked until the migration lands.', '2026-05-30T00:00:00'),
  (344, 7, 34, 'Let''s split this into two tasks.', '2026-01-01T00:00:00'),
  (345, 7, 37, 'Nice, that''s much cleaner.', '2026-01-06T00:00:00'),
  (345, 7, 35, 'Can you add a test for the edge case?', '2026-04-04T00:00:00'),
  (347, 7, 36, 'I''ll pick this up tomorrow.', '2026-04-20T00:00:00'),
  (347, 7, 36, 'Let''s split this into two tasks.', '2026-03-01T00:00:00'),
  (348, 7, 37, 'Nice, that''s much cleaner.', '2026-03-09T00:00:00'),
  (350, 7, 36, 'I''ll pick this up tomorrow.', '2026-03-06T00:00:00'),
  (350, 7, 35, 'Looks good to me.', '2026-01-10T00:00:00'),
  (350, 7, 36, 'Done, moving to review.', '2026-03-07T00:00:00'),
  (351, 7, 37, 'Let''s split this into two tasks.', '2026-03-25T00:00:00'),
  (351, 7, 35, 'I''ll pick this up tomorrow.', '2026-02-27T00:00:00'),
  (351, 7, 35, 'Bumping priority - customer is waiting.', '2025-12-10T00:00:00'),
  (352, 7, 35, 'Nice, that''s much cleaner.', '2026-02-07T00:00:00'),
  (353, 7, 36, 'I''ll pick this up tomorrow.', '2026-03-07T00:00:00'),
  (354, 7, 36, 'Do we have a design for this yet?', '2025-12-12T00:00:00'),
  (354, 7, 36, 'Pushed a fix - please re-review.', '2026-03-16T00:00:00'),
  (354, 7, 34, 'Looks good to me.', '2026-06-11T00:00:00'),
  (355, 7, 34, 'This is blocked until the migration lands.', '2026-01-11T00:00:00'),
  (357, 7, 35, 'Can you add a test for the edge case?', '2025-12-28T00:00:00'),
  (357, 7, 36, 'Done, moving to review.', '2026-02-13T00:00:00'),
  (358, 7, 35, 'Looks good to me.', '2026-02-22T00:00:00'),
  (359, 7, 37, 'Looks good to me.', '2026-01-25T00:00:00'),
  (359, 7, 35, 'Bumping priority - customer is waiting.', '2026-03-12T00:00:00'),
  (360, 7, 37, 'Can you add a test for the edge case?', '2026-03-11T00:00:00'),
  (361, 7, 35, 'Done, moving to review.', '2025-12-21T00:00:00'),
  (361, 7, 37, 'Let''s split this into two tasks.', '2026-01-03T00:00:00'),
  (361, 7, 36, 'Nice, that''s much cleaner.', '2026-03-10T00:00:00'),
  (363, 7, 37, 'Bumping priority - customer is waiting.', '2025-12-23T00:00:00'),
  (363, 7, 36, 'Pushed a fix - please re-review.', '2026-06-04T00:00:00'),
  (364, 7, 36, 'This is blocked until the migration lands.', '2026-01-29T00:00:00'),
  (365, 7, 35, 'Nice, that''s much cleaner.', '2026-03-24T00:00:00'),
  (365, 7, 37, 'Can you add a test for the edge case?', '2026-01-20T00:00:00'),
  (366, 7, 36, 'I''ll pick this up tomorrow.', '2026-04-24T00:00:00'),
  (366, 7, 36, 'Nice, that''s much cleaner.', '2026-03-06T00:00:00'),
  (367, 8, 39, 'Bumping priority - customer is waiting.', '2026-03-01T00:00:00'),
  (367, 8, 39, 'Nice, that''s much cleaner.', '2026-01-16T00:00:00'),
  (367, 8, 39, 'I''ll pick this up tomorrow.', '2026-02-14T00:00:00'),
  (368, 8, 40, 'Let''s split this into two tasks.', '2025-12-31T00:00:00'),
  (369, 8, 38, 'I''ll pick this up tomorrow.', '2026-05-23T00:00:00'),
  (369, 8, 39, 'Can you add a test for the edge case?', '2026-03-01T00:00:00'),
  (370, 8, 41, 'Looks good to me.', '2026-03-04T00:00:00'),
  (371, 8, 39, 'Do we have a design for this yet?', '2026-04-24T00:00:00'),
  (371, 8, 39, 'Looks good to me.', '2026-04-23T00:00:00'),
  (371, 8, 39, 'Done, moving to review.', '2025-12-24T00:00:00'),
  (372, 8, 41, 'Pushed a fix - please re-review.', '2026-03-15T00:00:00'),
  (372, 8, 39, 'Looks good to me.', '2026-05-31T00:00:00'),
  (372, 8, 41, 'I''ll pick this up tomorrow.', '2026-01-23T00:00:00'),
  (373, 8, 40, 'Pushed a fix - please re-review.', '2026-04-11T00:00:00'),
  (374, 8, 40, 'Nice, that''s much cleaner.', '2026-01-26T00:00:00'),
  (374, 8, 40, 'Can you add a test for the edge case?', '2026-05-05T00:00:00'),
  (375, 8, 40, 'Nice, that''s much cleaner.', '2026-05-03T00:00:00'),
  (375, 8, 39, 'Looks good to me.', '2025-12-12T00:00:00'),
  (376, 8, 40, 'Let''s split this into two tasks.', '2026-03-22T00:00:00'),
  (376, 8, 38, 'I''ll pick this up tomorrow.', '2026-06-17T00:00:00'),
  (377, 8, 41, 'Done, moving to review.', '2026-03-25T00:00:00'),
  (379, 8, 40, 'Done, moving to review.', '2026-02-17T00:00:00'),
  (380, 8, 41, 'Looks good to me.', '2026-05-02T00:00:00'),
  (381, 8, 39, 'This is blocked until the migration lands.', '2025-12-08T00:00:00'),
  (382, 8, 38, 'Pushed a fix - please re-review.', '2025-12-25T00:00:00'),
  (382, 8, 41, 'Looks good to me.', '2026-03-20T00:00:00'),
  (382, 8, 38, 'Looks good to me.', '2026-06-06T00:00:00'),
  (383, 8, 38, 'This is blocked until the migration lands.', '2026-01-19T00:00:00'),
  (383, 8, 40, 'I''ll pick this up tomorrow.', '2025-12-11T00:00:00'),
  (384, 8, 40, 'Nice, that''s much cleaner.', '2026-02-18T00:00:00'),
  (384, 8, 38, 'Done, moving to review.', '2026-05-16T00:00:00'),
  (384, 8, 39, 'Pushed a fix - please re-review.', '2025-12-14T00:00:00'),
  (385, 8, 38, 'This is blocked until the migration lands.', '2026-03-04T00:00:00'),
  (386, 8, 38, 'This is blocked until the migration lands.', '2026-04-15T00:00:00'),
  (386, 8, 41, 'This is blocked until the migration lands.', '2026-05-09T00:00:00'),
  (386, 8, 39, 'Do we have a design for this yet?', '2025-12-17T00:00:00'),
  (387, 8, 39, 'I''ll pick this up tomorrow.', '2026-03-24T00:00:00'),
  (387, 8, 40, 'Done, moving to review.', '2026-06-12T00:00:00'),
  (388, 8, 41, 'This is blocked until the migration lands.', '2026-03-04T00:00:00'),
  (388, 8, 41, 'Pushed a fix - please re-review.', '2026-03-25T00:00:00'),
  (388, 8, 39, 'Looks good to me.', '2026-01-17T00:00:00'),
  (391, 8, 39, 'Looks good to me.', '2026-04-02T00:00:00'),
  (392, 8, 39, 'Looks good to me.', '2026-03-05T00:00:00'),
  (392, 8, 41, 'Done, moving to review.', '2026-06-13T00:00:00'),
  (392, 8, 39, 'Pushed a fix - please re-review.', '2026-06-14T00:00:00'),
  (393, 8, 40, 'I''ll pick this up tomorrow.', '2026-02-26T00:00:00'),
  (393, 8, 40, 'Let''s split this into two tasks.', '2026-04-10T00:00:00'),
  (394, 8, 38, 'Bumping priority - customer is waiting.', '2026-02-23T00:00:00'),
  (395, 8, 39, 'Can you add a test for the edge case?', '2026-02-10T00:00:00'),
  (395, 8, 41, 'Done, moving to review.', '2026-04-15T00:00:00'),
  (396, 8, 41, 'Done, moving to review.', '2026-01-01T00:00:00'),
  (397, 8, 41, 'Pushed a fix - please re-review.', '2026-04-16T00:00:00'),
  (398, 8, 40, 'Do we have a design for this yet?', '2026-02-11T00:00:00'),
  (399, 8, 38, 'Nice, that''s much cleaner.', '2026-01-25T00:00:00'),
  (399, 8, 39, 'This is blocked until the migration lands.', '2026-04-05T00:00:00'),
  (399, 8, 40, 'Pushed a fix - please re-review.', '2026-03-10T00:00:00'),
  (401, 8, 41, 'This is blocked until the migration lands.', '2026-03-01T00:00:00'),
  (401, 8, 40, 'Looks good to me.', '2026-02-05T00:00:00'),
  (402, 8, 38, 'Do we have a design for this yet?', '2025-12-22T00:00:00'),
  (402, 8, 38, 'This is blocked until the migration lands.', '2026-05-02T00:00:00'),
  (403, 8, 38, 'This is blocked until the migration lands.', '2026-03-09T00:00:00'),
  (403, 8, 40, 'This is blocked until the migration lands.', '2026-06-15T00:00:00'),
  (403, 8, 41, 'This is blocked until the migration lands.', '2026-04-14T00:00:00'),
  (404, 8, 41, 'This is blocked until the migration lands.', '2026-04-18T00:00:00'),
  (404, 8, 39, 'Done, moving to review.', '2026-04-11T00:00:00'),
  (404, 8, 41, 'I''ll pick this up tomorrow.', '2026-01-26T00:00:00'),
  (405, 8, 38, 'Bumping priority - customer is waiting.', '2025-12-10T00:00:00'),
  (406, 8, 39, 'Let''s split this into two tasks.', '2026-06-16T00:00:00'),
  (406, 8, 40, 'Bumping priority - customer is waiting.', '2026-04-16T00:00:00'),
  (406, 8, 38, 'Bumping priority - customer is waiting.', '2026-02-27T00:00:00'),
  (407, 8, 40, 'Let''s split this into two tasks.', '2025-12-14T00:00:00'),
  (407, 8, 40, 'Can you add a test for the edge case?', '2026-04-16T00:00:00'),
  (408, 8, 38, 'This is blocked until the migration lands.', '2026-06-10T00:00:00'),
  (408, 8, 39, 'Can you add a test for the edge case?', '2025-12-27T00:00:00'),
  (409, 8, 39, 'Let''s split this into two tasks.', '2025-12-20T00:00:00'),
  (410, 8, 40, 'Nice, that''s much cleaner.', '2026-06-06T00:00:00'),
  (411, 8, 38, 'Looks good to me.', '2026-05-18T00:00:00'),
  (413, 8, 40, 'Looks good to me.', '2026-05-12T00:00:00'),
  (413, 8, 41, 'I''ll pick this up tomorrow.', '2026-01-10T00:00:00'),
  (414, 8, 40, 'Done, moving to review.', '2026-06-03T00:00:00'),
  (414, 8, 40, 'Can you add a test for the edge case?', '2026-01-26T00:00:00'),
  (418, 8, 41, 'Let''s split this into two tasks.', '2025-12-05T00:00:00'),
  (418, 8, 41, 'Do we have a design for this yet?', '2026-01-16T00:00:00'),
  (418, 8, 40, 'Looks good to me.', '2026-02-25T00:00:00'),
  (423, 8, 39, 'Bumping priority - customer is waiting.', '2025-12-13T00:00:00'),
  (425, 8, 38, 'Nice, that''s much cleaner.', '2026-04-01T00:00:00'),
  (425, 8, 40, 'I''ll pick this up tomorrow.', '2026-01-21T00:00:00'),
  (425, 8, 41, 'This is blocked until the migration lands.', '2026-03-15T00:00:00'),
  (426, 8, 39, 'This is blocked until the migration lands.', '2026-03-02T00:00:00'),
  (426, 8, 39, 'I''ll pick this up tomorrow.', '2026-06-09T00:00:00'),
  (427, 8, 40, 'Nice, that''s much cleaner.', '2025-12-04T00:00:00'),
  (428, 8, 41, 'I''ll pick this up tomorrow.', '2026-01-18T00:00:00'),
  (428, 8, 39, 'Let''s split this into two tasks.', '2026-04-03T00:00:00'),
  (428, 8, 40, 'Nice, that''s much cleaner.', '2026-05-24T00:00:00');


INSERT INTO audit_logs (org_id, user_id, action, resource_type, resource_id, ip, created_at) VALUES
  (1, 7, 'task.update', 'project', 1, '198.51.100.2', '2026-05-01T00:00:00'),
  (1, 7, 'project.create', 'project', 1, '198.51.100.65', '2025-11-20T00:00:00'),
  (1, 1, 'member.invite', 'project', 1, '198.51.100.126', '2026-02-14T00:00:00'),
  (1, 2, 'task.assign', 'project', 1, '198.51.100.63', '2025-09-06T00:00:00'),
  (1, 1, 'settings.update', 'project', 2, '198.51.100.236', '2025-11-13T00:00:00'),
  (1, 1, 'project.archive', 'project', 2, '198.51.100.37', '2025-10-27T00:00:00'),
  (1, 2, 'member.invite', 'project', 3, '198.51.100.188', '2025-10-31T00:00:00'),
  (1, 1, 'comment.add', 'project', 3, '198.51.100.86', '2026-01-31T00:00:00'),
  (1, 8, 'member.invite', 'project', 7, '198.51.100.238', '2025-11-01T00:00:00'),
  (1, 8, 'label.create', 'project', 7, '198.51.100.171', '2025-10-07T00:00:00'),
  (1, 1, 'settings.update', 'project', 8, '198.51.100.231', '2026-04-01T00:00:00'),
  (1, 9, 'project.create', 'project', 8, '198.51.100.178', '2025-10-15T00:00:00'),
  (1, 6, 'project.archive', 'project', 8, '198.51.100.121', '2026-05-30T00:00:00'),
  (1, 7, 'comment.add', 'project', 8, '198.51.100.103', '2026-04-11T00:00:00'),
  (1, 9, 'project.create', 'project', 9, '198.51.100.36', '2026-02-14T00:00:00'),
  (1, 8, 'label.create', 'project', 9, '198.51.100.4', '2026-04-17T00:00:00'),
  (1, 7, 'task.assign', 'project', 10, '198.51.100.215', '2025-12-04T00:00:00'),
  (1, 5, 'comment.add', 'project', 10, '198.51.100.148', '2026-03-15T00:00:00'),
  (1, 2, 'project.create', 'project', 10, '198.51.100.120', '2025-11-02T00:00:00'),
  (1, 2, 'task.update', 'project', 11, '198.51.100.147', '2025-08-26T00:00:00'),
  (1, 1, 'member.invite', 'project', 11, '198.51.100.230', '2026-02-05T00:00:00'),
  (1, 6, 'comment.add', 'project', 11, '198.51.100.244', '2026-04-04T00:00:00'),
  (1, 1, 'task.assign', 'project', 12, '198.51.100.226', '2025-11-17T00:00:00'),
  (1, 6, 'comment.add', 'project', 12, '198.51.100.238', '2026-04-14T00:00:00'),
  (1, 2, 'settings.update', 'project', 12, '198.51.100.248', '2025-12-03T00:00:00'),
  (1, 7, 'label.create', 'project', 13, '198.51.100.186', '2026-04-14T00:00:00'),
  (1, 1, 'label.create', 'project', 13, '198.51.100.100', '2026-06-20T00:00:00'),
  (1, 8, 'task.update', 'project', 13, '198.51.100.208', '2026-03-30T00:00:00'),
  (1, 7, 'project.archive', 'project', 13, '198.51.100.95', '2025-10-30T00:00:00'),
  (1, 5, 'label.create', 'project', 14, '198.51.100.141', '2025-11-13T00:00:00'),
  (1, 2, 'task.update', 'project', 14, '198.51.100.55', '2026-06-14T00:00:00'),
  (1, 9, 'task.update', 'project', 14, '198.51.100.123', '2025-12-03T00:00:00'),
  (1, 8, 'label.create', 'project', 15, '198.51.100.123', '2026-04-27T00:00:00'),
  (1, 1, 'task.update', 'project', 15, '198.51.100.118', '2025-11-28T00:00:00'),
  (1, 1, 'task.assign', 'project', 15, '198.51.100.66', '2025-12-29T00:00:00'),
  (1, 5, 'label.create', 'project', 15, '198.51.100.115', '2025-08-30T00:00:00'),
  (1, 2, 'comment.add', 'project', 16, '198.51.100.25', '2026-04-14T00:00:00'),
  (1, 6, 'label.create', 'project', 16, '198.51.100.102', '2026-03-19T00:00:00'),
  (1, 8, 'project.archive', 'project', 16, '198.51.100.95', '2026-01-17T00:00:00'),
  (2, 3, 'project.create', 'project', 4, '198.51.100.34', '2026-06-04T00:00:00'),
  (2, 12, 'settings.update', 'project', 4, '198.51.100.165', '2025-12-06T00:00:00'),
  (2, 10, 'task.create', 'project', 5, '198.51.100.110', '2025-10-18T00:00:00'),
  (2, 13, 'label.create', 'project', 5, '198.51.100.235', '2025-10-06T00:00:00'),
  (2, 10, 'member.invite', 'project', 6, '198.51.100.176', '2026-05-30T00:00:00'),
  (2, 12, 'task.create', 'project', 6, '198.51.100.162', '2026-01-19T00:00:00'),
  (2, 13, 'member.invite', 'project', 6, '198.51.100.204', '2025-10-27T00:00:00'),
  (2, 3, 'task.assign', 'project', 17, '198.51.100.109', '2025-10-29T00:00:00'),
  (2, 11, 'task.update', 'project', 17, '198.51.100.242', '2026-02-04T00:00:00'),
  (2, 11, 'task.assign', 'project', 17, '198.51.100.142', '2025-12-21T00:00:00'),
  (2, 11, 'settings.update', 'project', 17, '198.51.100.30', '2025-12-21T00:00:00'),
  (2, 12, 'settings.update', 'project', 18, '198.51.100.248', '2026-03-30T00:00:00'),
  (2, 4, 'task.create', 'project', 18, '198.51.100.135', '2026-05-08T00:00:00'),
  (2, 11, 'task.update', 'project', 19, '198.51.100.230', '2026-04-05T00:00:00'),
  (2, 10, 'settings.update', 'project', 19, '198.51.100.237', '2026-04-21T00:00:00'),
  (2, 13, 'task.create', 'project', 19, '198.51.100.204', '2025-12-26T00:00:00'),
  (2, 13, 'label.create', 'project', 19, '198.51.100.39', '2025-10-15T00:00:00'),
  (2, 10, 'settings.update', 'project', 20, '198.51.100.55', '2026-02-26T00:00:00'),
  (2, 13, 'member.invite', 'project', 20, '198.51.100.83', '2025-09-20T00:00:00'),
  (2, 12, 'task.create', 'project', 20, '198.51.100.166', '2026-01-30T00:00:00'),
  (2, 3, 'task.update', 'project', 21, '198.51.100.169', '2026-02-26T00:00:00'),
  (2, 3, 'task.create', 'project', 21, '198.51.100.194', '2025-11-20T00:00:00'),
  (2, 12, 'settings.update', 'project', 21, '198.51.100.124', '2026-01-29T00:00:00'),
  (2, 13, 'task.create', 'project', 21, '198.51.100.129', '2026-02-03T00:00:00'),
  (2, 13, 'task.assign', 'project', 22, '198.51.100.199', '2025-10-30T00:00:00'),
  (2, 12, 'project.create', 'project', 22, '198.51.100.204', '2026-05-09T00:00:00'),
  (2, 11, 'project.archive', 'project', 22, '198.51.100.15', '2026-05-13T00:00:00'),
  (2, 10, 'task.update', 'project', 23, '198.51.100.51', '2025-09-25T00:00:00'),
  (2, 3, 'project.create', 'project', 23, '198.51.100.44', '2025-09-25T00:00:00'),
  (2, 13, 'settings.update', 'project', 24, '198.51.100.185', '2026-02-24T00:00:00'),
  (2, 3, 'comment.add', 'project', 24, '198.51.100.235', '2026-01-22T00:00:00'),
  (2, 4, 'task.create', 'project', 25, '198.51.100.41', '2026-04-17T00:00:00'),
  (2, 12, 'project.archive', 'project', 25, '198.51.100.89', '2026-06-05T00:00:00'),
  (2, 3, 'task.create', 'project', 25, '198.51.100.58', '2025-11-06T00:00:00'),
  (2, 3, 'task.update', 'project', 25, '198.51.100.85', '2026-06-07T00:00:00'),
  (3, 15, 'task.create', 'project', 26, '198.51.100.94', '2026-03-04T00:00:00'),
  (3, 14, 'project.archive', 'project', 26, '198.51.100.205', '2025-09-14T00:00:00'),
  (3, 17, 'comment.add', 'project', 26, '198.51.100.249', '2026-03-14T00:00:00'),
  (3, 15, 'task.assign', 'project', 27, '198.51.100.20', '2026-06-17T00:00:00'),
  (3, 17, 'comment.add', 'project', 27, '198.51.100.60', '2026-03-28T00:00:00'),
  (3, 16, 'project.archive', 'project', 28, '198.51.100.233', '2026-04-10T00:00:00'),
  (3, 14, 'project.create', 'project', 28, '198.51.100.93', '2026-01-27T00:00:00'),
  (3, 16, 'member.invite', 'project', 28, '198.51.100.196', '2026-03-26T00:00:00'),
  (3, 15, 'task.create', 'project', 29, '198.51.100.45', '2026-01-17T00:00:00'),
  (3, 15, 'task.assign', 'project', 29, '198.51.100.214', '2026-03-13T00:00:00'),
  (3, 15, 'task.create', 'project', 29, '198.51.100.142', '2026-04-07T00:00:00'),
  (3, 16, 'comment.add', 'project', 30, '198.51.100.227', '2026-03-23T00:00:00'),
  (3, 16, 'project.archive', 'project', 30, '198.51.100.145', '2026-05-22T00:00:00'),
  (3, 15, 'label.create', 'project', 31, '198.51.100.2', '2026-03-31T00:00:00'),
  (3, 14, 'label.create', 'project', 31, '198.51.100.164', '2026-01-07T00:00:00'),
  (3, 17, 'comment.add', 'project', 31, '198.51.100.152', '2025-11-24T00:00:00'),
  (3, 14, 'settings.update', 'project', 31, '198.51.100.70', '2026-03-20T00:00:00'),
  (3, 16, 'comment.add', 'project', 32, '198.51.100.219', '2025-11-12T00:00:00'),
  (3, 15, 'comment.add', 'project', 32, '198.51.100.124', '2026-06-15T00:00:00'),
  (3, 14, 'member.invite', 'project', 32, '198.51.100.45', '2025-09-16T00:00:00'),
  (3, 17, 'task.assign', 'project', 32, '198.51.100.99', '2025-10-30T00:00:00'),
  (3, 17, 'member.invite', 'project', 33, '198.51.100.128', '2026-04-24T00:00:00'),
  (3, 17, 'task.update', 'project', 33, '198.51.100.79', '2026-02-10T00:00:00'),
  (3, 17, 'member.invite', 'project', 33, '198.51.100.109', '2025-08-24T00:00:00'),
  (3, 17, 'project.archive', 'project', 33, '198.51.100.247', '2026-06-14T00:00:00'),
  (3, 16, 'project.create', 'project', 34, '198.51.100.46', '2026-03-27T00:00:00'),
  (3, 14, 'comment.add', 'project', 34, '198.51.100.24', '2025-10-15T00:00:00'),
  (3, 15, 'project.create', 'project', 34, '198.51.100.226', '2026-02-18T00:00:00'),
  (3, 14, 'settings.update', 'project', 35, '198.51.100.91', '2025-08-28T00:00:00'),
  (3, 16, 'project.create', 'project', 35, '198.51.100.138', '2025-10-24T00:00:00'),
  (3, 15, 'settings.update', 'project', 35, '198.51.100.242', '2026-04-03T00:00:00'),
  (4, 20, 'label.create', 'project', 36, '198.51.100.183', '2025-09-22T00:00:00'),
  (4, 21, 'task.update', 'project', 36, '198.51.100.208', '2026-05-18T00:00:00'),
  (4, 20, 'label.create', 'project', 36, '198.51.100.101', '2026-01-08T00:00:00'),
  (4, 20, 'settings.update', 'project', 37, '198.51.100.246', '2025-11-26T00:00:00'),
  (4, 19, 'task.create', 'project', 37, '198.51.100.191', '2025-10-31T00:00:00'),
  (4, 18, 'task.assign', 'project', 38, '198.51.100.248', '2025-09-17T00:00:00'),
  (4, 21, 'task.update', 'project', 38, '198.51.100.222', '2026-06-18T00:00:00'),
  (4, 18, 'settings.update', 'project', 38, '198.51.100.94', '2026-01-07T00:00:00'),
  (4, 20, 'project.create', 'project', 39, '198.51.100.103', '2026-05-13T00:00:00'),
  (4, 18, 'task.create', 'project', 39, '198.51.100.21', '2025-10-11T00:00:00'),
  (4, 20, 'task.update', 'project', 40, '198.51.100.108', '2025-11-07T00:00:00'),
  (4, 19, 'project.create', 'project', 40, '198.51.100.168', '2026-01-27T00:00:00'),
  (4, 18, 'project.archive', 'project', 41, '198.51.100.185', '2026-06-10T00:00:00'),
  (4, 21, 'settings.update', 'project', 41, '198.51.100.150', '2026-03-19T00:00:00'),
  (4, 21, 'task.create', 'project', 42, '198.51.100.148', '2026-01-08T00:00:00'),
  (4, 18, 'task.assign', 'project', 42, '198.51.100.46', '2026-04-02T00:00:00'),
  (4, 21, 'task.assign', 'project', 42, '198.51.100.115', '2026-01-28T00:00:00'),
  (4, 21, 'task.assign', 'project', 43, '198.51.100.109', '2026-03-18T00:00:00'),
  (4, 21, 'task.assign', 'project', 43, '198.51.100.205', '2026-03-10T00:00:00'),
  (4, 18, 'member.invite', 'project', 43, '198.51.100.66', '2026-06-05T00:00:00'),
  (4, 21, 'member.invite', 'project', 43, '198.51.100.233', '2026-02-01T00:00:00'),
  (4, 18, 'task.create', 'project', 44, '198.51.100.28', '2026-04-18T00:00:00'),
  (4, 19, 'project.archive', 'project', 44, '198.51.100.124', '2025-09-19T00:00:00'),
  (4, 19, 'task.create', 'project', 44, '198.51.100.186', '2026-03-01T00:00:00'),
  (5, 24, 'task.update', 'project', 45, '198.51.100.121', '2025-11-30T00:00:00'),
  (5, 26, 'project.create', 'project', 45, '198.51.100.30', '2025-10-21T00:00:00'),
  (5, 25, 'comment.add', 'project', 46, '198.51.100.216', '2025-10-07T00:00:00'),
  (5, 22, 'label.create', 'project', 46, '198.51.100.162', '2026-03-13T00:00:00'),
  (5, 24, 'member.invite', 'project', 46, '198.51.100.128', '2025-09-08T00:00:00'),
  (5, 25, 'task.create', 'project', 46, '198.51.100.166', '2026-05-10T00:00:00'),
  (5, 24, 'settings.update', 'project', 47, '198.51.100.48', '2025-12-20T00:00:00'),
  (5, 22, 'label.create', 'project', 47, '198.51.100.17', '2026-05-25T00:00:00'),
  (5, 23, 'project.archive', 'project', 47, '198.51.100.69', '2026-03-09T00:00:00'),
  (5, 26, 'comment.add', 'project', 47, '198.51.100.205', '2025-12-09T00:00:00'),
  (5, 25, 'task.assign', 'project', 48, '198.51.100.237', '2025-12-22T00:00:00'),
  (5, 23, 'task.assign', 'project', 48, '198.51.100.67', '2026-06-14T00:00:00'),
  (5, 24, 'task.create', 'project', 49, '198.51.100.238', '2026-04-19T00:00:00'),
  (5, 26, 'task.update', 'project', 49, '198.51.100.102', '2025-11-28T00:00:00'),
  (5, 24, 'task.create', 'project', 50, '198.51.100.122', '2026-04-28T00:00:00'),
  (5, 23, 'project.create', 'project', 50, '198.51.100.146', '2026-04-01T00:00:00'),
  (5, 23, 'task.assign', 'project', 51, '198.51.100.200', '2025-10-19T00:00:00'),
  (5, 27, 'project.create', 'project', 51, '198.51.100.249', '2026-05-27T00:00:00'),
  (5, 22, 'label.create', 'project', 52, '198.51.100.186', '2026-06-12T00:00:00'),
  (5, 23, 'task.update', 'project', 52, '198.51.100.118', '2026-04-29T00:00:00'),
  (5, 24, 'comment.add', 'project', 53, '198.51.100.132', '2025-09-25T00:00:00'),
  (5, 24, 'task.create', 'project', 53, '198.51.100.70', '2026-05-22T00:00:00'),
  (5, 27, 'project.create', 'project', 53, '198.51.100.43', '2025-09-05T00:00:00'),
  (5, 23, 'settings.update', 'project', 54, '198.51.100.234', '2026-03-07T00:00:00'),
  (5, 24, 'member.invite', 'project', 54, '198.51.100.148', '2026-04-14T00:00:00'),
  (5, 24, 'task.assign', 'project', 54, '198.51.100.121', '2026-03-05T00:00:00'),
  (5, 23, 'task.assign', 'project', 55, '198.51.100.235', '2025-10-27T00:00:00'),
  (5, 26, 'settings.update', 'project', 55, '198.51.100.15', '2026-03-24T00:00:00'),
  (5, 26, 'task.assign', 'project', 55, '198.51.100.165', '2025-11-12T00:00:00'),
  (5, 23, 'settings.update', 'project', 55, '198.51.100.133', '2026-02-18T00:00:00'),
  (6, 28, 'label.create', 'project', 56, '198.51.100.213', '2026-06-04T00:00:00'),
  (6, 30, 'task.assign', 'project', 56, '198.51.100.77', '2026-01-03T00:00:00'),
  (6, 30, 'member.invite', 'project', 56, '198.51.100.157', '2026-04-30T00:00:00'),
  (6, 33, 'member.invite', 'project', 57, '198.51.100.105', '2025-09-21T00:00:00'),
  (6, 33, 'member.invite', 'project', 57, '198.51.100.26', '2026-03-22T00:00:00'),
  (6, 28, 'project.archive', 'project', 58, '198.51.100.168', '2026-03-28T00:00:00'),
  (6, 30, 'settings.update', 'project', 58, '198.51.100.139', '2026-03-01T00:00:00'),
  (6, 28, 'task.create', 'project', 59, '198.51.100.99', '2026-06-20T00:00:00'),
  (6, 31, 'task.create', 'project', 59, '198.51.100.132', '2025-11-23T00:00:00'),
  (6, 28, 'comment.add', 'project', 59, '198.51.100.70', '2025-10-19T00:00:00'),
  (6, 30, 'label.create', 'project', 59, '198.51.100.118', '2025-08-28T00:00:00'),
  (6, 33, 'member.invite', 'project', 60, '198.51.100.199', '2026-04-04T00:00:00'),
  (6, 31, 'task.assign', 'project', 60, '198.51.100.238', '2025-09-27T00:00:00'),
  (6, 29, 'label.create', 'project', 60, '198.51.100.172', '2025-09-03T00:00:00'),
  (6, 30, 'task.create', 'project', 61, '198.51.100.135', '2025-10-20T00:00:00'),
  (6, 29, 'label.create', 'project', 61, '198.51.100.182', '2026-03-03T00:00:00'),
  (6, 33, 'task.assign', 'project', 61, '198.51.100.180', '2025-10-30T00:00:00'),
  (6, 29, 'project.archive', 'project', 62, '198.51.100.191', '2025-11-07T00:00:00'),
  (6, 31, 'comment.add', 'project', 62, '198.51.100.98', '2025-10-22T00:00:00'),
  (6, 28, 'task.create', 'project', 62, '198.51.100.39', '2025-08-25T00:00:00'),
  (6, 28, 'settings.update', 'project', 63, '198.51.100.57', '2026-06-04T00:00:00'),
  (6, 28, 'project.create', 'project', 63, '198.51.100.57', '2026-01-15T00:00:00'),
  (6, 29, 'settings.update', 'project', 63, '198.51.100.233', '2025-10-16T00:00:00'),
  (6, 33, 'task.update', 'project', 64, '198.51.100.233', '2026-03-22T00:00:00'),
  (6, 33, 'settings.update', 'project', 64, '198.51.100.187', '2026-03-18T00:00:00'),
  (6, 28, 'project.create', 'project', 64, '198.51.100.203', '2026-02-18T00:00:00'),
  (6, 31, 'task.assign', 'project', 65, '198.51.100.150', '2025-11-13T00:00:00'),
  (6, 31, 'project.archive', 'project', 65, '198.51.100.151', '2026-05-25T00:00:00'),
  (6, 33, 'project.archive', 'project', 66, '198.51.100.172', '2026-05-07T00:00:00'),
  (6, 31, 'task.update', 'project', 66, '198.51.100.240', '2025-09-21T00:00:00'),
  (6, 31, 'project.create', 'project', 66, '198.51.100.6', '2026-03-31T00:00:00'),
  (7, 35, 'project.create', 'project', 67, '198.51.100.9', '2026-04-19T00:00:00'),
  (7, 35, 'task.update', 'project', 67, '198.51.100.105', '2025-09-18T00:00:00'),
  (7, 37, 'member.invite', 'project', 67, '198.51.100.27', '2026-02-13T00:00:00'),
  (7, 34, 'label.create', 'project', 68, '198.51.100.105', '2026-06-06T00:00:00'),
  (7, 36, 'task.assign', 'project', 68, '198.51.100.62', '2026-04-15T00:00:00'),
  (7, 35, 'project.archive', 'project', 68, '198.51.100.211', '2026-01-18T00:00:00'),
  (7, 37, 'task.update', 'project', 68, '198.51.100.118', '2026-01-29T00:00:00'),
  (7, 36, 'project.create', 'project', 69, '198.51.100.25', '2026-02-15T00:00:00'),
  (7, 35, 'project.archive', 'project', 69, '198.51.100.248', '2025-09-09T00:00:00'),
  (7, 37, 'task.assign', 'project', 70, '198.51.100.94', '2025-09-26T00:00:00'),
  (7, 34, 'comment.add', 'project', 70, '198.51.100.125', '2026-05-18T00:00:00'),
  (7, 36, 'task.assign', 'project', 71, '198.51.100.127', '2026-03-16T00:00:00'),
  (7, 36, 'task.assign', 'project', 71, '198.51.100.235', '2025-10-18T00:00:00'),
  (7, 34, 'settings.update', 'project', 72, '198.51.100.146', '2026-04-09T00:00:00'),
  (7, 37, 'member.invite', 'project', 72, '198.51.100.66', '2025-08-29T00:00:00'),
  (7, 37, 'project.archive', 'project', 73, '198.51.100.61', '2026-05-23T00:00:00'),
  (7, 37, 'project.archive', 'project', 73, '198.51.100.235', '2025-10-31T00:00:00'),
  (7, 34, 'label.create', 'project', 74, '198.51.100.88', '2026-02-13T00:00:00'),
  (7, 35, 'project.archive', 'project', 74, '198.51.100.142', '2026-01-08T00:00:00'),
  (7, 36, 'project.archive', 'project', 74, '198.51.100.185', '2026-04-29T00:00:00'),
  (7, 36, 'project.create', 'project', 74, '198.51.100.107', '2026-03-08T00:00:00'),
  (8, 40, 'task.create', 'project', 75, '198.51.100.188', '2025-09-22T00:00:00'),
  (8, 40, 'task.update', 'project', 75, '198.51.100.83', '2026-04-05T00:00:00'),
  (8, 41, 'project.archive', 'project', 75, '198.51.100.174', '2026-05-31T00:00:00'),
  (8, 41, 'settings.update', 'project', 75, '198.51.100.236', '2025-12-22T00:00:00'),
  (8, 41, 'project.archive', 'project', 76, '198.51.100.44', '2026-01-26T00:00:00'),
  (8, 39, 'task.update', 'project', 76, '198.51.100.56', '2025-11-11T00:00:00'),
  (8, 40, 'label.create', 'project', 76, '198.51.100.135', '2025-10-11T00:00:00'),
  (8, 38, 'label.create', 'project', 76, '198.51.100.230', '2026-05-22T00:00:00'),
  (8, 39, 'task.update', 'project', 77, '198.51.100.47', '2025-10-28T00:00:00'),
  (8, 40, 'member.invite', 'project', 77, '198.51.100.57', '2026-02-12T00:00:00'),
  (8, 38, 'settings.update', 'project', 78, '198.51.100.48', '2026-04-17T00:00:00'),
  (8, 38, 'task.create', 'project', 78, '198.51.100.158', '2026-03-19T00:00:00'),
  (8, 38, 'settings.update', 'project', 78, '198.51.100.183', '2025-10-30T00:00:00'),
  (8, 39, 'comment.add', 'project', 79, '198.51.100.250', '2025-11-22T00:00:00'),
  (8, 40, 'task.update', 'project', 79, '198.51.100.231', '2025-09-03T00:00:00'),
  (8, 39, 'task.assign', 'project', 80, '198.51.100.221', '2026-03-28T00:00:00'),
  (8, 41, 'comment.add', 'project', 80, '198.51.100.143', '2025-10-13T00:00:00'),
  (8, 41, 'project.archive', 'project', 80, '198.51.100.154', '2026-05-07T00:00:00'),
  (8, 41, 'project.create', 'project', 81, '198.51.100.104', '2026-04-07T00:00:00'),
  (8, 40, 'member.invite', 'project', 81, '198.51.100.130', '2026-02-16T00:00:00'),
  (8, 40, 'comment.add', 'project', 82, '198.51.100.40', '2026-02-28T00:00:00'),
  (8, 39, 'project.archive', 'project', 82, '198.51.100.161', '2026-01-19T00:00:00'),
  (8, 41, 'task.assign', 'project', 82, '198.51.100.62', '2026-03-17T00:00:00'),
  (8, 41, 'project.create', 'project', 83, '198.51.100.98', '2025-11-24T00:00:00'),
  (8, 40, 'member.invite', 'project', 83, '198.51.100.170', '2025-11-09T00:00:00'),
  (8, 40, 'member.invite', 'project', 83, '198.51.100.250', '2025-09-11T00:00:00'),
  (8, 41, 'task.create', 'project', 83, '198.51.100.7', '2026-01-25T00:00:00'),
  (8, 38, 'task.update', 'project', 84, '198.51.100.246', '2025-10-05T00:00:00'),
  (8, 39, 'label.create', 'project', 84, '198.51.100.118', '2025-09-08T00:00:00'),
  (8, 39, 'label.create', 'project', 84, '198.51.100.167', '2026-02-12T00:00:00');


INSERT INTO notifications (user_id, org_id, kind, title, body, link, is_read, created_at) VALUES
  (1, 1, 'system', 'Weekly digest is ready', 'Let''s split this into two tasks.', '/tasks', 0, '2026-05-29T00:00:00'),
  (1, 1, 'comment', 'New comment on your task', 'Can you add a test for the edge case?', '/tasks', 1, '2026-06-03T00:00:00'),
  (1, 1, 'assignment', 'You were assigned a task', 'Do we have a design for this yet?', '/tasks', 0, '2026-04-25T00:00:00'),
  (1, 1, 'mention', 'You were mentioned in a comment', 'Do we have a design for this yet?', '/tasks', 0, '2026-05-16T00:00:00'),
  (1, 1, 'assignment', 'You were assigned a task', 'Looks good to me.', '/tasks', 0, '2026-06-10T00:00:00'),
  (1, 1, 'assignment', 'You were assigned a task', 'Pushed a fix - please re-review.', '/tasks', 0, '2026-06-18T00:00:00'),
  (1, 1, 'system', 'Weekly digest is ready', 'I''ll pick this up tomorrow.', '/tasks', 1, '2026-05-20T00:00:00'),
  (1, 1, 'assignment', 'You were assigned a task', 'Can you add a test for the edge case?', '/tasks', 0, '2026-06-01T00:00:00'),
  (1, 1, 'comment', 'New comment on your task', 'I''ll pick this up tomorrow.', '/tasks', 1, '2026-05-24T00:00:00'),
  (1, 1, 'assignment', 'You were assigned a task', 'Looks good to me.', '/tasks', 1, '2026-06-08T00:00:00'),
  (1, 1, 'assignment', 'You were assigned a task', 'Do we have a design for this yet?', '/tasks', 0, '2026-05-21T00:00:00'),
  (1, 1, 'mention', 'You were mentioned in a comment', 'Nice, that''s much cleaner.', '/tasks', 0, '2026-06-10T00:00:00'),
  (2, 1, 'comment', 'New comment on your task', 'Do we have a design for this yet?', '/tasks', 1, '2026-05-11T00:00:00'),
  (2, 1, 'mention', 'You were mentioned in a comment', 'Looks good to me.', '/tasks', 0, '2026-05-31T00:00:00'),
  (2, 1, 'system', 'Weekly digest is ready', 'I''ll pick this up tomorrow.', '/tasks', 1, '2026-05-24T00:00:00'),
  (2, 1, 'assignment', 'You were assigned a task', 'I''ll pick this up tomorrow.', '/tasks', 1, '2026-04-21T00:00:00'),
  (2, 1, 'system', 'Weekly digest is ready', 'Let''s split this into two tasks.', '/tasks', 0, '2026-06-20T00:00:00'),
  (2, 1, 'assignment', 'You were assigned a task', 'I''ll pick this up tomorrow.', '/tasks', 1, '2026-06-16T00:00:00'),
  (2, 1, 'assignment', 'You were assigned a task', 'Do we have a design for this yet?', '/tasks', 1, '2026-06-20T00:00:00'),
  (2, 1, 'mention', 'You were mentioned in a comment', 'Do we have a design for this yet?', '/tasks', 1, '2026-05-21T00:00:00'),
  (5, 1, 'mention', 'You were mentioned in a comment', 'Pushed a fix - please re-review.', '/tasks', 0, '2026-06-04T00:00:00'),
  (5, 1, 'system', 'Weekly digest is ready', 'Done, moving to review.', '/tasks', 1, '2026-05-11T00:00:00'),
  (5, 1, 'comment', 'New comment on your task', 'Bumping priority - customer is waiting.', '/tasks', 0, '2026-06-08T00:00:00'),
  (5, 1, 'assignment', 'You were assigned a task', 'Pushed a fix - please re-review.', '/tasks', 0, '2026-05-02T00:00:00'),
  (5, 1, 'mention', 'You were mentioned in a comment', 'Looks good to me.', '/tasks', 0, '2026-04-26T00:00:00'),
  (5, 1, 'system', 'Weekly digest is ready', 'Do we have a design for this yet?', '/tasks', 0, '2026-04-29T00:00:00'),
  (5, 1, 'assignment', 'You were assigned a task', 'Looks good to me.', '/tasks', 0, '2026-06-16T00:00:00'),
  (6, 1, 'comment', 'New comment on your task', 'Pushed a fix - please re-review.', '/tasks', 0, '2026-05-04T00:00:00'),
  (6, 1, 'mention', 'You were mentioned in a comment', 'Done, moving to review.', '/tasks', 1, '2026-06-19T00:00:00'),
  (6, 1, 'comment', 'New comment on your task', 'Looks good to me.', '/tasks', 0, '2026-06-03T00:00:00'),
  (6, 1, 'comment', 'New comment on your task', 'Can you add a test for the edge case?', '/tasks', 1, '2026-06-03T00:00:00'),
  (6, 1, 'assignment', 'You were assigned a task', 'Bumping priority - customer is waiting.', '/tasks', 1, '2026-05-29T00:00:00'),
  (6, 1, 'assignment', 'You were assigned a task', 'Pushed a fix - please re-review.', '/tasks', 1, '2026-04-27T00:00:00'),
  (6, 1, 'comment', 'New comment on your task', 'Nice, that''s much cleaner.', '/tasks', 1, '2026-04-24T00:00:00'),
  (6, 1, 'comment', 'New comment on your task', 'This is blocked until the migration lands.', '/tasks', 1, '2026-05-04T00:00:00'),
  (7, 1, 'comment', 'New comment on your task', 'Can you add a test for the edge case?', '/tasks', 1, '2026-05-22T00:00:00'),
  (7, 1, 'system', 'Weekly digest is ready', 'Let''s split this into two tasks.', '/tasks', 0, '2026-05-15T00:00:00'),
  (7, 1, 'assignment', 'You were assigned a task', 'Pushed a fix - please re-review.', '/tasks', 1, '2026-05-03T00:00:00'),
  (7, 1, 'comment', 'New comment on your task', 'Pushed a fix - please re-review.', '/tasks', 1, '2026-06-15T00:00:00'),
  (7, 1, 'comment', 'New comment on your task', 'Pushed a fix - please re-review.', '/tasks', 0, '2026-06-05T00:00:00'),
  (7, 1, 'assignment', 'You were assigned a task', 'Can you add a test for the edge case?', '/tasks', 1, '2026-05-31T00:00:00'),
  (7, 1, 'comment', 'New comment on your task', 'Done, moving to review.', '/tasks', 0, '2026-05-25T00:00:00'),
  (7, 1, 'comment', 'New comment on your task', 'Let''s split this into two tasks.', '/tasks', 0, '2026-06-16T00:00:00'),
  (7, 1, 'mention', 'You were mentioned in a comment', 'Let''s split this into two tasks.', '/tasks', 1, '2026-04-26T00:00:00'),
  (8, 1, 'comment', 'New comment on your task', 'I''ll pick this up tomorrow.', '/tasks', 1, '2026-05-20T00:00:00'),
  (8, 1, 'assignment', 'You were assigned a task', 'Nice, that''s much cleaner.', '/tasks', 0, '2026-04-23T00:00:00'),
  (8, 1, 'mention', 'You were mentioned in a comment', 'Let''s split this into two tasks.', '/tasks', 0, '2026-05-13T00:00:00'),
  (8, 1, 'mention', 'You were mentioned in a comment', 'Do we have a design for this yet?', '/tasks', 1, '2026-06-15T00:00:00'),
  (8, 1, 'comment', 'New comment on your task', 'This is blocked until the migration lands.', '/tasks', 0, '2026-05-18T00:00:00'),
  (8, 1, 'assignment', 'You were assigned a task', 'Can you add a test for the edge case?', '/tasks', 0, '2026-05-13T00:00:00'),
  (8, 1, 'mention', 'You were mentioned in a comment', 'Done, moving to review.', '/tasks', 1, '2026-06-14T00:00:00'),
  (9, 1, 'comment', 'New comment on your task', 'This is blocked until the migration lands.', '/tasks', 0, '2026-05-04T00:00:00'),
  (9, 1, 'comment', 'New comment on your task', 'Let''s split this into two tasks.', '/tasks', 1, '2026-05-11T00:00:00'),
  (9, 1, 'mention', 'You were mentioned in a comment', 'I''ll pick this up tomorrow.', '/tasks', 0, '2026-04-22T00:00:00'),
  (9, 1, 'assignment', 'You were assigned a task', 'This is blocked until the migration lands.', '/tasks', 0, '2026-04-29T00:00:00'),
  (9, 1, 'comment', 'New comment on your task', 'Nice, that''s much cleaner.', '/tasks', 0, '2026-04-24T00:00:00'),
  (9, 1, 'system', 'Weekly digest is ready', 'This is blocked until the migration lands.', '/tasks', 0, '2026-06-03T00:00:00'),
  (9, 1, 'mention', 'You were mentioned in a comment', 'Nice, that''s much cleaner.', '/tasks', 1, '2026-06-08T00:00:00'),
  (9, 1, 'mention', 'You were mentioned in a comment', 'Let''s split this into two tasks.', '/tasks', 0, '2026-06-03T00:00:00'),
  (9, 1, 'comment', 'New comment on your task', 'Do we have a design for this yet?', '/tasks', 0, '2026-05-31T00:00:00'),
  (9, 1, 'assignment', 'You were assigned a task', 'Can you add a test for the edge case?', '/tasks', 0, '2026-06-17T00:00:00'),
  (9, 1, 'assignment', 'You were assigned a task', 'Nice, that''s much cleaner.', '/tasks', 0, '2026-06-18T00:00:00'),
  (9, 1, 'assignment', 'You were assigned a task', 'Done, moving to review.', '/tasks', 0, '2026-05-14T00:00:00'),
  (3, 2, 'system', 'Weekly digest is ready', 'Let''s split this into two tasks.', '/tasks', 1, '2026-06-10T00:00:00'),
  (3, 2, 'comment', 'New comment on your task', 'Pushed a fix - please re-review.', '/tasks', 0, '2026-05-20T00:00:00'),
  (3, 2, 'assignment', 'You were assigned a task', 'Looks good to me.', '/tasks', 1, '2026-06-19T00:00:00'),
  (3, 2, 'comment', 'New comment on your task', 'Pushed a fix - please re-review.', '/tasks', 0, '2026-05-22T00:00:00'),
  (3, 2, 'comment', 'New comment on your task', 'Nice, that''s much cleaner.', '/tasks', 1, '2026-05-08T00:00:00'),
  (3, 2, 'comment', 'New comment on your task', 'Do we have a design for this yet?', '/tasks', 1, '2026-04-26T00:00:00'),
  (3, 2, 'assignment', 'You were assigned a task', 'Do we have a design for this yet?', '/tasks', 0, '2026-06-10T00:00:00'),
  (3, 2, 'mention', 'You were mentioned in a comment', 'Pushed a fix - please re-review.', '/tasks', 1, '2026-05-21T00:00:00'),
  (3, 2, 'mention', 'You were mentioned in a comment', 'Pushed a fix - please re-review.', '/tasks', 0, '2026-06-15T00:00:00'),
  (3, 2, 'comment', 'New comment on your task', 'Let''s split this into two tasks.', '/tasks', 0, '2026-05-21T00:00:00'),
  (4, 2, 'mention', 'You were mentioned in a comment', 'Let''s split this into two tasks.', '/tasks', 0, '2026-05-14T00:00:00'),
  (4, 2, 'system', 'Weekly digest is ready', 'Looks good to me.', '/tasks', 0, '2026-06-09T00:00:00'),
  (4, 2, 'system', 'Weekly digest is ready', 'Can you add a test for the edge case?', '/tasks', 0, '2026-06-17T00:00:00'),
  (4, 2, 'assignment', 'You were assigned a task', 'Done, moving to review.', '/tasks', 0, '2026-05-19T00:00:00'),
  (4, 2, 'mention', 'You were mentioned in a comment', 'Nice, that''s much cleaner.', '/tasks', 1, '2026-05-19T00:00:00'),
  (4, 2, 'assignment', 'You were assigned a task', 'Nice, that''s much cleaner.', '/tasks', 1, '2026-05-17T00:00:00'),
  (4, 2, 'comment', 'New comment on your task', 'Bumping priority - customer is waiting.', '/tasks', 0, '2026-05-09T00:00:00'),
  (4, 2, 'mention', 'You were mentioned in a comment', 'Do we have a design for this yet?', '/tasks', 0, '2026-06-20T00:00:00'),
  (4, 2, 'system', 'Weekly digest is ready', 'Let''s split this into two tasks.', '/tasks', 1, '2026-05-10T00:00:00'),
  (4, 2, 'comment', 'New comment on your task', 'Do we have a design for this yet?', '/tasks', 0, '2026-06-04T00:00:00'),
  (10, 2, 'system', 'Weekly digest is ready', 'I''ll pick this up tomorrow.', '/tasks', 1, '2026-05-16T00:00:00'),
  (10, 2, 'system', 'Weekly digest is ready', 'Nice, that''s much cleaner.', '/tasks', 0, '2026-05-11T00:00:00'),
  (10, 2, 'assignment', 'You were assigned a task', 'Do we have a design for this yet?', '/tasks', 0, '2026-04-23T00:00:00'),
  (10, 2, 'assignment', 'You were assigned a task', 'Bumping priority - customer is waiting.', '/tasks', 0, '2026-05-23T00:00:00'),
  (11, 2, 'comment', 'New comment on your task', 'Done, moving to review.', '/tasks', 0, '2026-05-01T00:00:00'),
  (11, 2, 'system', 'Weekly digest is ready', 'Looks good to me.', '/tasks', 1, '2026-05-31T00:00:00'),
  (11, 2, 'comment', 'New comment on your task', 'Can you add a test for the edge case?', '/tasks', 0, '2026-06-20T00:00:00'),
  (11, 2, 'mention', 'You were mentioned in a comment', 'Let''s split this into two tasks.', '/tasks', 1, '2026-05-04T00:00:00'),
  (11, 2, 'assignment', 'You were assigned a task', 'Pushed a fix - please re-review.', '/tasks', 1, '2026-05-25T00:00:00'),
  (11, 2, 'comment', 'New comment on your task', 'I''ll pick this up tomorrow.', '/tasks', 0, '2026-06-17T00:00:00'),
  (11, 2, 'comment', 'New comment on your task', 'Pushed a fix - please re-review.', '/tasks', 1, '2026-04-22T00:00:00'),
  (12, 2, 'comment', 'New comment on your task', 'I''ll pick this up tomorrow.', '/tasks', 0, '2026-05-14T00:00:00'),
  (12, 2, 'system', 'Weekly digest is ready', 'I''ll pick this up tomorrow.', '/tasks', 1, '2026-06-14T00:00:00'),
  (12, 2, 'comment', 'New comment on your task', 'This is blocked until the migration lands.', '/tasks', 1, '2026-05-01T00:00:00'),
  (12, 2, 'system', 'Weekly digest is ready', 'Let''s split this into two tasks.', '/tasks', 1, '2026-04-24T00:00:00'),
  (12, 2, 'system', 'Weekly digest is ready', 'Can you add a test for the edge case?', '/tasks', 0, '2026-06-12T00:00:00'),
  (13, 2, 'assignment', 'You were assigned a task', 'Looks good to me.', '/tasks', 0, '2026-05-01T00:00:00'),
  (13, 2, 'comment', 'New comment on your task', 'Can you add a test for the edge case?', '/tasks', 0, '2026-06-03T00:00:00'),
  (13, 2, 'system', 'Weekly digest is ready', 'Nice, that''s much cleaner.', '/tasks', 0, '2026-06-01T00:00:00'),
  (13, 2, 'assignment', 'You were assigned a task', 'Do we have a design for this yet?', '/tasks', 1, '2026-05-17T00:00:00'),
  (13, 2, 'comment', 'New comment on your task', 'I''ll pick this up tomorrow.', '/tasks', 1, '2026-04-27T00:00:00'),
  (14, 3, 'assignment', 'You were assigned a task', 'Bumping priority - customer is waiting.', '/tasks', 0, '2026-05-15T00:00:00'),
  (14, 3, 'assignment', 'You were assigned a task', 'I''ll pick this up tomorrow.', '/tasks', 1, '2026-06-17T00:00:00'),
  (14, 3, 'mention', 'You were mentioned in a comment', 'I''ll pick this up tomorrow.', '/tasks', 0, '2026-06-01T00:00:00'),
  (14, 3, 'mention', 'You were mentioned in a comment', 'Can you add a test for the edge case?', '/tasks', 1, '2026-05-31T00:00:00'),
  (14, 3, 'mention', 'You were mentioned in a comment', 'Looks good to me.', '/tasks', 0, '2026-06-20T00:00:00'),
  (14, 3, 'system', 'Weekly digest is ready', 'I''ll pick this up tomorrow.', '/tasks', 0, '2026-06-12T00:00:00'),
  (14, 3, 'comment', 'New comment on your task', 'Looks good to me.', '/tasks', 0, '2026-05-24T00:00:00'),
  (14, 3, 'mention', 'You were mentioned in a comment', 'Done, moving to review.', '/tasks', 1, '2026-06-10T00:00:00'),
  (14, 3, 'assignment', 'You were assigned a task', 'Do we have a design for this yet?', '/tasks', 0, '2026-05-28T00:00:00'),
  (14, 3, 'assignment', 'You were assigned a task', 'Do we have a design for this yet?', '/tasks', 0, '2026-05-17T00:00:00'),
  (14, 3, 'system', 'Weekly digest is ready', 'Let''s split this into two tasks.', '/tasks', 1, '2026-05-21T00:00:00'),
  (15, 3, 'system', 'Weekly digest is ready', 'This is blocked until the migration lands.', '/tasks', 0, '2026-06-02T00:00:00'),
  (15, 3, 'assignment', 'You were assigned a task', 'Pushed a fix - please re-review.', '/tasks', 1, '2026-06-17T00:00:00'),
  (15, 3, 'assignment', 'You were assigned a task', 'Bumping priority - customer is waiting.', '/tasks', 1, '2026-05-18T00:00:00'),
  (15, 3, 'system', 'Weekly digest is ready', 'Can you add a test for the edge case?', '/tasks', 1, '2026-05-13T00:00:00'),
  (15, 3, 'system', 'Weekly digest is ready', 'Pushed a fix - please re-review.', '/tasks', 1, '2026-05-17T00:00:00'),
  (15, 3, 'system', 'Weekly digest is ready', 'Pushed a fix - please re-review.', '/tasks', 1, '2026-05-06T00:00:00'),
  (15, 3, 'assignment', 'You were assigned a task', 'Can you add a test for the edge case?', '/tasks', 1, '2026-06-07T00:00:00'),
  (16, 3, 'mention', 'You were mentioned in a comment', 'Done, moving to review.', '/tasks', 1, '2026-04-25T00:00:00'),
  (16, 3, 'system', 'Weekly digest is ready', 'Looks good to me.', '/tasks', 0, '2026-05-20T00:00:00'),
  (16, 3, 'assignment', 'You were assigned a task', 'Looks good to me.', '/tasks', 0, '2026-05-23T00:00:00'),
  (16, 3, 'assignment', 'You were assigned a task', 'This is blocked until the migration lands.', '/tasks', 1, '2026-05-16T00:00:00'),
  (16, 3, 'mention', 'You were mentioned in a comment', 'Nice, that''s much cleaner.', '/tasks', 1, '2026-05-12T00:00:00'),
  (16, 3, 'mention', 'You were mentioned in a comment', 'Do we have a design for this yet?', '/tasks', 1, '2026-05-19T00:00:00'),
  (16, 3, 'system', 'Weekly digest is ready', 'Bumping priority - customer is waiting.', '/tasks', 0, '2026-06-18T00:00:00'),
  (17, 3, 'mention', 'You were mentioned in a comment', 'Pushed a fix - please re-review.', '/tasks', 0, '2026-04-21T00:00:00'),
  (17, 3, 'system', 'Weekly digest is ready', 'Do we have a design for this yet?', '/tasks', 0, '2026-06-20T00:00:00'),
  (17, 3, 'comment', 'New comment on your task', 'Pushed a fix - please re-review.', '/tasks', 0, '2026-05-24T00:00:00'),
  (17, 3, 'mention', 'You were mentioned in a comment', 'This is blocked until the migration lands.', '/tasks', 1, '2026-04-27T00:00:00'),
  (18, 4, 'comment', 'New comment on your task', 'Let''s split this into two tasks.', '/tasks', 1, '2026-05-27T00:00:00'),
  (18, 4, 'mention', 'You were mentioned in a comment', 'Let''s split this into two tasks.', '/tasks', 1, '2026-05-01T00:00:00'),
  (18, 4, 'mention', 'You were mentioned in a comment', 'Done, moving to review.', '/tasks', 0, '2026-05-02T00:00:00'),
  (18, 4, 'mention', 'You were mentioned in a comment', 'Let''s split this into two tasks.', '/tasks', 0, '2026-05-01T00:00:00'),
  (18, 4, 'assignment', 'You were assigned a task', 'Bumping priority - customer is waiting.', '/tasks', 0, '2026-05-11T00:00:00'),
  (18, 4, 'comment', 'New comment on your task', 'Done, moving to review.', '/tasks', 0, '2026-06-18T00:00:00'),
  (19, 4, 'assignment', 'You were assigned a task', 'Bumping priority - customer is waiting.', '/tasks', 1, '2026-05-31T00:00:00'),
  (19, 4, 'assignment', 'You were assigned a task', 'Do we have a design for this yet?', '/tasks', 0, '2026-05-21T00:00:00'),
  (19, 4, 'system', 'Weekly digest is ready', 'Nice, that''s much cleaner.', '/tasks', 1, '2026-05-12T00:00:00'),
  (19, 4, 'system', 'Weekly digest is ready', 'Nice, that''s much cleaner.', '/tasks', 1, '2026-06-20T00:00:00'),
  (19, 4, 'system', 'Weekly digest is ready', 'Done, moving to review.', '/tasks', 0, '2026-05-07T00:00:00'),
  (20, 4, 'mention', 'You were mentioned in a comment', 'Can you add a test for the edge case?', '/tasks', 1, '2026-05-26T00:00:00'),
  (20, 4, 'comment', 'New comment on your task', 'Nice, that''s much cleaner.', '/tasks', 0, '2026-05-07T00:00:00'),
  (20, 4, 'comment', 'New comment on your task', 'Looks good to me.', '/tasks', 0, '2026-05-23T00:00:00'),
  (20, 4, 'mention', 'You were mentioned in a comment', 'This is blocked until the migration lands.', '/tasks', 1, '2026-05-03T00:00:00'),
  (20, 4, 'mention', 'You were mentioned in a comment', 'Let''s split this into two tasks.', '/tasks', 0, '2026-06-10T00:00:00'),
  (21, 4, 'system', 'Weekly digest is ready', 'Let''s split this into two tasks.', '/tasks', 1, '2026-05-15T00:00:00'),
  (21, 4, 'assignment', 'You were assigned a task', 'Bumping priority - customer is waiting.', '/tasks', 0, '2026-05-07T00:00:00'),
  (21, 4, 'mention', 'You were mentioned in a comment', 'Looks good to me.', '/tasks', 0, '2026-05-31T00:00:00'),
  (21, 4, 'mention', 'You were mentioned in a comment', 'Done, moving to review.', '/tasks', 1, '2026-06-11T00:00:00'),
  (21, 4, 'comment', 'New comment on your task', 'Do we have a design for this yet?', '/tasks', 1, '2026-04-21T00:00:00'),
  (21, 4, 'assignment', 'You were assigned a task', 'Nice, that''s much cleaner.', '/tasks', 1, '2026-05-04T00:00:00'),
  (22, 5, 'mention', 'You were mentioned in a comment', 'Do we have a design for this yet?', '/tasks', 1, '2026-06-01T00:00:00'),
  (22, 5, 'system', 'Weekly digest is ready', 'Can you add a test for the edge case?', '/tasks', 1, '2026-05-20T00:00:00'),
  (22, 5, 'comment', 'New comment on your task', 'Can you add a test for the edge case?', '/tasks', 0, '2026-06-05T00:00:00'),
  (22, 5, 'comment', 'New comment on your task', 'Pushed a fix - please re-review.', '/tasks', 0, '2026-04-26T00:00:00'),
  (22, 5, 'system', 'Weekly digest is ready', 'Pushed a fix - please re-review.', '/tasks', 1, '2026-06-02T00:00:00'),
  (22, 5, 'system', 'Weekly digest is ready', 'Looks good to me.', '/tasks', 0, '2026-04-29T00:00:00'),
  (23, 5, 'system', 'Weekly digest is ready', 'Bumping priority - customer is waiting.', '/tasks', 0, '2026-06-01T00:00:00'),
  (23, 5, 'comment', 'New comment on your task', 'Do we have a design for this yet?', '/tasks', 0, '2026-06-06T00:00:00'),
  (23, 5, 'system', 'Weekly digest is ready', 'Pushed a fix - please re-review.', '/tasks', 0, '2026-04-29T00:00:00'),
  (23, 5, 'comment', 'New comment on your task', 'Looks good to me.', '/tasks', 0, '2026-05-10T00:00:00'),
  (23, 5, 'assignment', 'You were assigned a task', 'Can you add a test for the edge case?', '/tasks', 1, '2026-05-26T00:00:00'),
  (23, 5, 'system', 'Weekly digest is ready', 'Can you add a test for the edge case?', '/tasks', 0, '2026-05-26T00:00:00'),
  (23, 5, 'mention', 'You were mentioned in a comment', 'This is blocked until the migration lands.', '/tasks', 1, '2026-06-14T00:00:00'),
  (23, 5, 'comment', 'New comment on your task', 'Pushed a fix - please re-review.', '/tasks', 1, '2026-05-11T00:00:00'),
  (24, 5, 'system', 'Weekly digest is ready', 'Bumping priority - customer is waiting.', '/tasks', 1, '2026-06-19T00:00:00'),
  (24, 5, 'assignment', 'You were assigned a task', 'Done, moving to review.', '/tasks', 1, '2026-05-03T00:00:00'),
  (24, 5, 'assignment', 'You were assigned a task', 'Do we have a design for this yet?', '/tasks', 1, '2026-05-18T00:00:00'),
  (24, 5, 'comment', 'New comment on your task', 'I''ll pick this up tomorrow.', '/tasks', 0, '2026-05-09T00:00:00'),
  (24, 5, 'system', 'Weekly digest is ready', 'I''ll pick this up tomorrow.', '/tasks', 1, '2026-04-29T00:00:00'),
  (24, 5, 'system', 'Weekly digest is ready', 'I''ll pick this up tomorrow.', '/tasks', 0, '2026-06-12T00:00:00'),
  (24, 5, 'comment', 'New comment on your task', 'I''ll pick this up tomorrow.', '/tasks', 1, '2026-05-02T00:00:00'),
  (24, 5, 'mention', 'You were mentioned in a comment', 'Pushed a fix - please re-review.', '/tasks', 0, '2026-05-26T00:00:00'),
  (24, 5, 'comment', 'New comment on your task', 'Let''s split this into two tasks.', '/tasks', 0, '2026-05-31T00:00:00'),
  (25, 5, 'comment', 'New comment on your task', 'Nice, that''s much cleaner.', '/tasks', 1, '2026-05-23T00:00:00'),
  (25, 5, 'mention', 'You were mentioned in a comment', 'Bumping priority - customer is waiting.', '/tasks', 0, '2026-04-29T00:00:00'),
  (25, 5, 'comment', 'New comment on your task', 'Nice, that''s much cleaner.', '/tasks', 0, '2026-05-06T00:00:00'),
  (25, 5, 'system', 'Weekly digest is ready', 'Looks good to me.', '/tasks', 0, '2026-06-20T00:00:00'),
  (26, 5, 'system', 'Weekly digest is ready', 'Bumping priority - customer is waiting.', '/tasks', 0, '2026-05-05T00:00:00'),
  (26, 5, 'mention', 'You were mentioned in a comment', 'Looks good to me.', '/tasks', 1, '2026-05-01T00:00:00'),
  (26, 5, 'comment', 'New comment on your task', 'Done, moving to review.', '/tasks', 0, '2026-04-30T00:00:00'),
  (26, 5, 'system', 'Weekly digest is ready', 'Pushed a fix - please re-review.', '/tasks', 1, '2026-04-27T00:00:00'),
  (26, 5, 'mention', 'You were mentioned in a comment', 'Nice, that''s much cleaner.', '/tasks', 1, '2026-06-08T00:00:00'),
  (26, 5, 'comment', 'New comment on your task', 'Pushed a fix - please re-review.', '/tasks', 1, '2026-04-27T00:00:00'),
  (27, 5, 'assignment', 'You were assigned a task', 'Pushed a fix - please re-review.', '/tasks', 1, '2026-06-17T00:00:00'),
  (27, 5, 'mention', 'You were mentioned in a comment', 'Can you add a test for the edge case?', '/tasks', 0, '2026-06-07T00:00:00'),
  (27, 5, 'system', 'Weekly digest is ready', 'Nice, that''s much cleaner.', '/tasks', 1, '2026-05-11T00:00:00'),
  (27, 5, 'system', 'Weekly digest is ready', 'This is blocked until the migration lands.', '/tasks', 1, '2026-06-13T00:00:00'),
  (27, 5, 'assignment', 'You were assigned a task', 'Can you add a test for the edge case?', '/tasks', 0, '2026-06-02T00:00:00'),
  (28, 6, 'mention', 'You were mentioned in a comment', 'Do we have a design for this yet?', '/tasks', 1, '2026-05-12T00:00:00'),
  (28, 6, 'system', 'Weekly digest is ready', 'Nice, that''s much cleaner.', '/tasks', 0, '2026-05-14T00:00:00'),
  (28, 6, 'system', 'Weekly digest is ready', 'Bumping priority - customer is waiting.', '/tasks', 0, '2026-05-25T00:00:00'),
  (28, 6, 'assignment', 'You were assigned a task', 'Do we have a design for this yet?', '/tasks', 1, '2026-05-08T00:00:00'),
  (28, 6, 'mention', 'You were mentioned in a comment', 'Can you add a test for the edge case?', '/tasks', 0, '2026-04-24T00:00:00'),
  (28, 6, 'comment', 'New comment on your task', 'Looks good to me.', '/tasks', 0, '2026-05-08T00:00:00'),
  (28, 6, 'comment', 'New comment on your task', 'Bumping priority - customer is waiting.', '/tasks', 1, '2026-05-01T00:00:00'),
  (28, 6, 'mention', 'You were mentioned in a comment', 'Do we have a design for this yet?', '/tasks', 1, '2026-06-08T00:00:00'),
  (28, 6, 'mention', 'You were mentioned in a comment', 'Let''s split this into two tasks.', '/tasks', 1, '2026-04-30T00:00:00'),
  (28, 6, 'comment', 'New comment on your task', 'Looks good to me.', '/tasks', 1, '2026-04-22T00:00:00'),
  (28, 6, 'assignment', 'You were assigned a task', 'Let''s split this into two tasks.', '/tasks', 0, '2026-06-02T00:00:00'),
  (29, 6, 'comment', 'New comment on your task', 'This is blocked until the migration lands.', '/tasks', 1, '2026-06-15T00:00:00'),
  (29, 6, 'comment', 'New comment on your task', 'Done, moving to review.', '/tasks', 0, '2026-05-18T00:00:00'),
  (29, 6, 'comment', 'New comment on your task', 'Do we have a design for this yet?', '/tasks', 1, '2026-05-19T00:00:00'),
  (29, 6, 'system', 'Weekly digest is ready', 'This is blocked until the migration lands.', '/tasks', 0, '2026-06-09T00:00:00'),
  (29, 6, 'system', 'Weekly digest is ready', 'Nice, that''s much cleaner.', '/tasks', 0, '2026-04-22T00:00:00'),
  (29, 6, 'assignment', 'You were assigned a task', 'Pushed a fix - please re-review.', '/tasks', 1, '2026-05-12T00:00:00'),
  (29, 6, 'mention', 'You were mentioned in a comment', 'Done, moving to review.', '/tasks', 0, '2026-06-01T00:00:00'),
  (29, 6, 'comment', 'New comment on your task', 'This is blocked until the migration lands.', '/tasks', 0, '2026-05-11T00:00:00'),
  (29, 6, 'system', 'Weekly digest is ready', 'Nice, that''s much cleaner.', '/tasks', 0, '2026-05-18T00:00:00'),
  (29, 6, 'comment', 'New comment on your task', 'Do we have a design for this yet?', '/tasks', 0, '2026-05-15T00:00:00'),
  (29, 6, 'system', 'Weekly digest is ready', 'Nice, that''s much cleaner.', '/tasks', 0, '2026-05-14T00:00:00'),
  (30, 6, 'mention', 'You were mentioned in a comment', 'Let''s split this into two tasks.', '/tasks', 1, '2026-06-17T00:00:00'),
  (30, 6, 'comment', 'New comment on your task', 'Pushed a fix - please re-review.', '/tasks', 1, '2026-06-07T00:00:00'),
  (30, 6, 'mention', 'You were mentioned in a comment', 'Bumping priority - customer is waiting.', '/tasks', 0, '2026-05-02T00:00:00'),
  (30, 6, 'system', 'Weekly digest is ready', 'Done, moving to review.', '/tasks', 0, '2026-05-21T00:00:00'),
  (30, 6, 'mention', 'You were mentioned in a comment', 'Done, moving to review.', '/tasks', 0, '2026-05-07T00:00:00'),
  (30, 6, 'mention', 'You were mentioned in a comment', 'I''ll pick this up tomorrow.', '/tasks', 0, '2026-05-31T00:00:00'),
  (31, 6, 'comment', 'New comment on your task', 'Can you add a test for the edge case?', '/tasks', 0, '2026-04-30T00:00:00'),
  (31, 6, 'assignment', 'You were assigned a task', 'This is blocked until the migration lands.', '/tasks', 0, '2026-06-18T00:00:00'),
  (31, 6, 'assignment', 'You were assigned a task', 'This is blocked until the migration lands.', '/tasks', 0, '2026-06-20T00:00:00'),
  (31, 6, 'assignment', 'You were assigned a task', 'Bumping priority - customer is waiting.', '/tasks', 0, '2026-04-30T00:00:00'),
  (31, 6, 'mention', 'You were mentioned in a comment', 'Looks good to me.', '/tasks', 1, '2026-05-21T00:00:00'),
  (31, 6, 'system', 'Weekly digest is ready', 'Do we have a design for this yet?', '/tasks', 0, '2026-06-05T00:00:00'),
  (32, 6, 'comment', 'New comment on your task', 'Let''s split this into two tasks.', '/tasks', 0, '2026-05-31T00:00:00'),
  (32, 6, 'system', 'Weekly digest is ready', 'Pushed a fix - please re-review.', '/tasks', 0, '2026-06-07T00:00:00'),
  (32, 6, 'assignment', 'You were assigned a task', 'Pushed a fix - please re-review.', '/tasks', 0, '2026-06-08T00:00:00'),
  (32, 6, 'comment', 'New comment on your task', 'Pushed a fix - please re-review.', '/tasks', 1, '2026-05-19T00:00:00'),
  (32, 6, 'system', 'Weekly digest is ready', 'This is blocked until the migration lands.', '/tasks', 0, '2026-06-17T00:00:00'),
  (32, 6, 'system', 'Weekly digest is ready', 'Bumping priority - customer is waiting.', '/tasks', 1, '2026-06-18T00:00:00'),
  (32, 6, 'system', 'Weekly digest is ready', 'Pushed a fix - please re-review.', '/tasks', 0, '2026-05-17T00:00:00'),
  (32, 6, 'comment', 'New comment on your task', 'Pushed a fix - please re-review.', '/tasks', 1, '2026-05-30T00:00:00'),
  (32, 6, 'system', 'Weekly digest is ready', 'Let''s split this into two tasks.', '/tasks', 1, '2026-05-10T00:00:00'),
  (33, 6, 'system', 'Weekly digest is ready', 'Can you add a test for the edge case?', '/tasks', 1, '2026-05-01T00:00:00'),
  (33, 6, 'system', 'Weekly digest is ready', 'Done, moving to review.', '/tasks', 0, '2026-05-09T00:00:00'),
  (33, 6, 'assignment', 'You were assigned a task', 'Bumping priority - customer is waiting.', '/tasks', 1, '2026-06-17T00:00:00'),
  (33, 6, 'assignment', 'You were assigned a task', 'Can you add a test for the edge case?', '/tasks', 1, '2026-04-22T00:00:00'),
  (33, 6, 'system', 'Weekly digest is ready', 'Do we have a design for this yet?', '/tasks', 0, '2026-05-01T00:00:00'),
  (33, 6, 'assignment', 'You were assigned a task', 'Nice, that''s much cleaner.', '/tasks', 0, '2026-05-25T00:00:00'),
  (33, 6, 'system', 'Weekly digest is ready', 'Can you add a test for the edge case?', '/tasks', 1, '2026-05-27T00:00:00'),
  (34, 7, 'assignment', 'You were assigned a task', 'I''ll pick this up tomorrow.', '/tasks', 1, '2026-06-04T00:00:00'),
  (34, 7, 'comment', 'New comment on your task', 'Done, moving to review.', '/tasks', 0, '2026-06-12T00:00:00'),
  (34, 7, 'system', 'Weekly digest is ready', 'Let''s split this into two tasks.', '/tasks', 1, '2026-06-20T00:00:00'),
  (34, 7, 'system', 'Weekly digest is ready', 'Can you add a test for the edge case?', '/tasks', 0, '2026-06-03T00:00:00'),
  (35, 7, 'assignment', 'You were assigned a task', 'Can you add a test for the edge case?', '/tasks', 1, '2026-05-26T00:00:00'),
  (35, 7, 'system', 'Weekly digest is ready', 'Looks good to me.', '/tasks', 0, '2026-06-20T00:00:00'),
  (35, 7, 'assignment', 'You were assigned a task', 'Let''s split this into two tasks.', '/tasks', 1, '2026-06-13T00:00:00'),
  (35, 7, 'system', 'Weekly digest is ready', 'Done, moving to review.', '/tasks', 1, '2026-06-02T00:00:00'),
  (35, 7, 'system', 'Weekly digest is ready', 'Done, moving to review.', '/tasks', 0, '2026-04-29T00:00:00'),
  (35, 7, 'assignment', 'You were assigned a task', 'Pushed a fix - please re-review.', '/tasks', 0, '2026-05-22T00:00:00'),
  (35, 7, 'mention', 'You were mentioned in a comment', 'Let''s split this into two tasks.', '/tasks', 0, '2026-05-14T00:00:00'),
  (35, 7, 'assignment', 'You were assigned a task', 'Can you add a test for the edge case?', '/tasks', 0, '2026-04-30T00:00:00'),
  (35, 7, 'system', 'Weekly digest is ready', 'This is blocked until the migration lands.', '/tasks', 0, '2026-04-25T00:00:00'),
  (35, 7, 'comment', 'New comment on your task', 'Let''s split this into two tasks.', '/tasks', 0, '2026-04-21T00:00:00'),
  (35, 7, 'system', 'Weekly digest is ready', 'I''ll pick this up tomorrow.', '/tasks', 1, '2026-06-16T00:00:00'),
  (36, 7, 'mention', 'You were mentioned in a comment', 'I''ll pick this up tomorrow.', '/tasks', 1, '2026-06-15T00:00:00'),
  (36, 7, 'assignment', 'You were assigned a task', 'Looks good to me.', '/tasks', 0, '2026-05-03T00:00:00'),
  (36, 7, 'mention', 'You were mentioned in a comment', 'Done, moving to review.', '/tasks', 1, '2026-06-09T00:00:00'),
  (36, 7, 'mention', 'You were mentioned in a comment', 'Done, moving to review.', '/tasks', 1, '2026-04-29T00:00:00'),
  (36, 7, 'system', 'Weekly digest is ready', 'Bumping priority - customer is waiting.', '/tasks', 0, '2026-05-28T00:00:00'),
  (36, 7, 'assignment', 'You were assigned a task', 'I''ll pick this up tomorrow.', '/tasks', 1, '2026-05-24T00:00:00'),
  (36, 7, 'assignment', 'You were assigned a task', 'Bumping priority - customer is waiting.', '/tasks', 0, '2026-05-24T00:00:00'),
  (36, 7, 'system', 'Weekly digest is ready', 'I''ll pick this up tomorrow.', '/tasks', 0, '2026-06-19T00:00:00'),
  (36, 7, 'assignment', 'You were assigned a task', 'Do we have a design for this yet?', '/tasks', 0, '2026-05-13T00:00:00'),
  (36, 7, 'comment', 'New comment on your task', 'Nice, that''s much cleaner.', '/tasks', 1, '2026-05-03T00:00:00'),
  (36, 7, 'mention', 'You were mentioned in a comment', 'I''ll pick this up tomorrow.', '/tasks', 1, '2026-04-24T00:00:00'),
  (37, 7, 'comment', 'New comment on your task', 'This is blocked until the migration lands.', '/tasks', 0, '2026-05-14T00:00:00'),
  (37, 7, 'comment', 'New comment on your task', 'Done, moving to review.', '/tasks', 1, '2026-06-06T00:00:00'),
  (37, 7, 'system', 'Weekly digest is ready', 'Bumping priority - customer is waiting.', '/tasks', 1, '2026-06-20T00:00:00'),
  (37, 7, 'comment', 'New comment on your task', 'I''ll pick this up tomorrow.', '/tasks', 0, '2026-05-02T00:00:00'),
  (37, 7, 'system', 'Weekly digest is ready', 'Do we have a design for this yet?', '/tasks', 1, '2026-05-31T00:00:00'),
  (37, 7, 'mention', 'You were mentioned in a comment', 'Let''s split this into two tasks.', '/tasks', 0, '2026-05-20T00:00:00'),
  (37, 7, 'comment', 'New comment on your task', 'Nice, that''s much cleaner.', '/tasks', 0, '2026-05-10T00:00:00'),
  (37, 7, 'assignment', 'You were assigned a task', 'I''ll pick this up tomorrow.', '/tasks', 1, '2026-05-30T00:00:00'),
  (37, 7, 'system', 'Weekly digest is ready', 'Pushed a fix - please re-review.', '/tasks', 0, '2026-05-30T00:00:00'),
  (38, 8, 'system', 'Weekly digest is ready', 'I''ll pick this up tomorrow.', '/tasks', 1, '2026-05-12T00:00:00'),
  (38, 8, 'comment', 'New comment on your task', 'Pushed a fix - please re-review.', '/tasks', 0, '2026-05-31T00:00:00'),
  (38, 8, 'comment', 'New comment on your task', 'Done, moving to review.', '/tasks', 0, '2026-05-19T00:00:00'),
  (38, 8, 'mention', 'You were mentioned in a comment', 'Bumping priority - customer is waiting.', '/tasks', 0, '2026-04-22T00:00:00'),
  (38, 8, 'mention', 'You were mentioned in a comment', 'Looks good to me.', '/tasks', 1, '2026-04-29T00:00:00'),
  (38, 8, 'comment', 'New comment on your task', 'Let''s split this into two tasks.', '/tasks', 0, '2026-05-21T00:00:00'),
  (38, 8, 'assignment', 'You were assigned a task', 'Can you add a test for the edge case?', '/tasks', 0, '2026-05-12T00:00:00'),
  (38, 8, 'assignment', 'You were assigned a task', 'Let''s split this into two tasks.', '/tasks', 1, '2026-06-18T00:00:00'),
  (38, 8, 'mention', 'You were mentioned in a comment', 'Done, moving to review.', '/tasks', 1, '2026-04-22T00:00:00'),
  (39, 8, 'mention', 'You were mentioned in a comment', 'Looks good to me.', '/tasks', 1, '2026-04-28T00:00:00'),
  (39, 8, 'assignment', 'You were assigned a task', 'Bumping priority - customer is waiting.', '/tasks', 0, '2026-04-25T00:00:00'),
  (39, 8, 'mention', 'You were mentioned in a comment', 'Done, moving to review.', '/tasks', 0, '2026-06-15T00:00:00'),
  (39, 8, 'mention', 'You were mentioned in a comment', 'Do we have a design for this yet?', '/tasks', 1, '2026-05-10T00:00:00'),
  (39, 8, 'system', 'Weekly digest is ready', 'Looks good to me.', '/tasks', 0, '2026-05-03T00:00:00'),
  (39, 8, 'mention', 'You were mentioned in a comment', 'Do we have a design for this yet?', '/tasks', 1, '2026-06-13T00:00:00'),
  (39, 8, 'system', 'Weekly digest is ready', 'Can you add a test for the edge case?', '/tasks', 0, '2026-05-05T00:00:00'),
  (39, 8, 'assignment', 'You were assigned a task', 'Looks good to me.', '/tasks', 1, '2026-04-30T00:00:00'),
  (40, 8, 'mention', 'You were mentioned in a comment', 'Do we have a design for this yet?', '/tasks', 1, '2026-06-01T00:00:00'),
  (40, 8, 'comment', 'New comment on your task', 'Can you add a test for the edge case?', '/tasks', 1, '2026-05-09T00:00:00'),
  (40, 8, 'assignment', 'You were assigned a task', 'Done, moving to review.', '/tasks', 1, '2026-06-15T00:00:00'),
  (40, 8, 'assignment', 'You were assigned a task', 'Pushed a fix - please re-review.', '/tasks', 1, '2026-06-13T00:00:00'),
  (40, 8, 'mention', 'You were mentioned in a comment', 'Bumping priority - customer is waiting.', '/tasks', 1, '2026-04-25T00:00:00'),
  (40, 8, 'system', 'Weekly digest is ready', 'I''ll pick this up tomorrow.', '/tasks', 1, '2026-06-09T00:00:00'),
  (40, 8, 'mention', 'You were mentioned in a comment', 'Do we have a design for this yet?', '/tasks', 0, '2026-05-23T00:00:00'),
  (41, 8, 'comment', 'New comment on your task', 'Looks good to me.', '/tasks', 0, '2026-05-12T00:00:00'),
  (41, 8, 'assignment', 'You were assigned a task', 'Looks good to me.', '/tasks', 0, '2026-05-12T00:00:00'),
  (41, 8, 'assignment', 'You were assigned a task', 'Bumping priority - customer is waiting.', '/tasks', 0, '2026-06-20T00:00:00'),
  (41, 8, 'mention', 'You were mentioned in a comment', 'Can you add a test for the edge case?', '/tasks', 1, '2026-05-03T00:00:00'),
  (41, 8, 'comment', 'New comment on your task', 'Can you add a test for the edge case?', '/tasks', 0, '2026-06-15T00:00:00'),
  (41, 8, 'comment', 'New comment on your task', 'Can you add a test for the edge case?', '/tasks', 0, '2026-06-14T00:00:00'),
  (41, 8, 'mention', 'You were mentioned in a comment', 'Done, moving to review.', '/tasks', 1, '2026-06-16T00:00:00'),
  (41, 8, 'assignment', 'You were assigned a task', 'Nice, that''s much cleaner.', '/tasks', 0, '2026-05-04T00:00:00');


INSERT INTO saved_views (user_id, org_id, name, kind, query, created_at) VALUES
  (1, 1, 'My open tasks', 'tasks', 'status=open&assignee=me', '2026-03-22T00:00:00'),
  (2, 1, 'Active projects', 'projects', 'status=active', '2026-05-26T00:00:00'),
  (5, 1, 'Recently updated', 'tasks', 'sort=updated', '2026-06-17T00:00:00'),
  (5, 1, 'High priority', 'tasks', 'priority=high', '2026-06-16T00:00:00'),
  (6, 1, 'High priority', 'tasks', 'priority=high', '2026-04-15T00:00:00'),
  (6, 1, 'Recently updated', 'tasks', 'sort=updated', '2026-06-01T00:00:00'),
  (6, 1, 'Blocked', 'tasks', 'label=blocked', '2026-06-19T00:00:00'),
  (7, 1, 'High priority', 'tasks', 'priority=high', '2026-05-31T00:00:00'),
  (8, 1, 'Blocked', 'tasks', 'label=blocked', '2026-05-09T00:00:00'),
  (9, 1, 'High priority', 'tasks', 'priority=high', '2026-03-20T00:00:00'),
  (3, 2, 'My open tasks', 'tasks', 'status=open&assignee=me', '2026-03-26T00:00:00'),
  (4, 2, 'High priority', 'tasks', 'priority=high', '2026-05-07T00:00:00'),
  (10, 2, 'Blocked', 'tasks', 'label=blocked', '2026-04-23T00:00:00'),
  (10, 2, 'High priority', 'tasks', 'priority=high', '2026-03-11T00:00:00'),
  (11, 2, 'Recently updated', 'tasks', 'sort=updated', '2026-04-17T00:00:00'),
  (11, 2, 'My open tasks', 'tasks', 'status=open&assignee=me', '2026-04-13T00:00:00'),
  (12, 2, 'Blocked', 'tasks', 'label=blocked', '2026-06-04T00:00:00'),
  (12, 2, 'Active projects', 'projects', 'status=active', '2026-06-14T00:00:00'),
  (13, 2, 'Recently updated', 'tasks', 'sort=updated', '2026-05-13T00:00:00'),
  (13, 2, 'Blocked', 'tasks', 'label=blocked', '2026-05-05T00:00:00'),
  (14, 3, 'Recently updated', 'tasks', 'sort=updated', '2026-04-05T00:00:00'),
  (15, 3, 'My open tasks', 'tasks', 'status=open&assignee=me', '2026-04-09T00:00:00'),
  (15, 3, 'Active projects', 'projects', 'status=active', '2026-04-30T00:00:00'),
  (16, 3, 'Recently updated', 'tasks', 'sort=updated', '2026-06-13T00:00:00'),
  (16, 3, 'Active projects', 'projects', 'status=active', '2026-04-22T00:00:00'),
  (17, 3, 'Active projects', 'projects', 'status=active', '2026-04-19T00:00:00'),
  (17, 3, 'My open tasks', 'tasks', 'status=open&assignee=me', '2026-03-01T00:00:00'),
  (18, 4, 'Recently updated', 'tasks', 'sort=updated', '2026-03-19T00:00:00'),
  (18, 4, 'High priority', 'tasks', 'priority=high', '2026-05-10T00:00:00'),
  (19, 4, 'Blocked', 'tasks', 'label=blocked', '2026-06-10T00:00:00'),
  (19, 4, 'Active projects', 'projects', 'status=active', '2026-03-03T00:00:00'),
  (20, 4, 'Recently updated', 'tasks', 'sort=updated', '2026-04-10T00:00:00'),
  (21, 4, 'High priority', 'tasks', 'priority=high', '2026-03-09T00:00:00'),
  (21, 4, 'Active projects', 'projects', 'status=active', '2026-05-09T00:00:00'),
  (22, 5, 'My open tasks', 'tasks', 'status=open&assignee=me', '2026-06-04T00:00:00'),
  (23, 5, 'Active projects', 'projects', 'status=active', '2026-02-24T00:00:00'),
  (24, 5, 'Blocked', 'tasks', 'label=blocked', '2026-03-12T00:00:00'),
  (24, 5, 'High priority', 'tasks', 'priority=high', '2026-05-31T00:00:00'),
  (25, 5, 'My open tasks', 'tasks', 'status=open&assignee=me', '2026-06-17T00:00:00'),
  (25, 5, 'High priority', 'tasks', 'priority=high', '2026-05-24T00:00:00'),
  (26, 5, 'Recently updated', 'tasks', 'sort=updated', '2026-05-01T00:00:00'),
  (27, 5, 'My open tasks', 'tasks', 'status=open&assignee=me', '2026-05-20T00:00:00'),
  (27, 5, 'Active projects', 'projects', 'status=active', '2026-06-05T00:00:00'),
  (28, 6, 'High priority', 'tasks', 'priority=high', '2026-04-20T00:00:00'),
  (28, 6, 'My open tasks', 'tasks', 'status=open&assignee=me', '2026-04-02T00:00:00'),
  (28, 6, 'Recently updated', 'tasks', 'sort=updated', '2026-05-17T00:00:00'),
  (29, 6, 'Active projects', 'projects', 'status=active', '2026-06-08T00:00:00'),
  (30, 6, 'Recently updated', 'tasks', 'sort=updated', '2026-06-20T00:00:00'),
  (31, 6, 'Recently updated', 'tasks', 'sort=updated', '2026-06-02T00:00:00'),
  (32, 6, 'Recently updated', 'tasks', 'sort=updated', '2026-04-11T00:00:00'),
  (32, 6, 'Active projects', 'projects', 'status=active', '2026-03-04T00:00:00'),
  (33, 6, 'High priority', 'tasks', 'priority=high', '2026-05-11T00:00:00'),
  (33, 6, 'Blocked', 'tasks', 'label=blocked', '2026-04-24T00:00:00'),
  (34, 7, 'Recently updated', 'tasks', 'sort=updated', '2026-03-11T00:00:00'),
  (35, 7, 'High priority', 'tasks', 'priority=high', '2026-05-12T00:00:00'),
  (35, 7, 'Recently updated', 'tasks', 'sort=updated', '2026-04-26T00:00:00'),
  (35, 7, 'Blocked', 'tasks', 'label=blocked', '2026-04-17T00:00:00'),
  (36, 7, 'Active projects', 'projects', 'status=active', '2026-06-13T00:00:00'),
  (36, 7, 'High priority', 'tasks', 'priority=high', '2026-03-09T00:00:00'),
  (37, 7, 'Blocked', 'tasks', 'label=blocked', '2026-02-28T00:00:00'),
  (38, 8, 'Recently updated', 'tasks', 'sort=updated', '2026-04-04T00:00:00'),
  (39, 8, 'My open tasks', 'tasks', 'status=open&assignee=me', '2026-06-10T00:00:00'),
  (39, 8, 'Active projects', 'projects', 'status=active', '2026-04-01T00:00:00'),
  (40, 8, 'High priority', 'tasks', 'priority=high', '2026-03-28T00:00:00'),
  (41, 8, 'Blocked', 'tasks', 'label=blocked', '2026-06-20T00:00:00'),
  (41, 8, 'High priority', 'tasks', 'priority=high', '2026-04-07T00:00:00'),
  (41, 8, 'My open tasks', 'tasks', 'status=open&assignee=me', '2026-05-27T00:00:00');


INSERT INTO orders (public_id, org_id, created_by_id, kind, amount_cents, discount_cents, credits, target_plan, coupon_code, status, created_at) VALUES
  ('ord_seed_0001', 1, 6, 'plan_upgrade', 3900, 0, 0, 'pro', NULL, 'pending', '2026-02-01T00:00:00'),
  ('ord_seed_0002', 1, 2, 'credit_pack', 3900, 0, 433, NULL, NULL, 'paid', '2025-10-07T00:00:00'),
  ('ord_seed_0003', 1, 2, 'credit_pack', 9900, 0, 1100, NULL, NULL, 'refunded', '2025-10-02T00:00:00'),
  ('ord_seed_0004', 1, 1, 'credit_pack', 9900, 0, 1100, NULL, NULL, 'refunded', '2026-05-09T00:00:00'),
  ('ord_seed_0005', 1, 2, 'credit_pack', 19900, 0, 2211, NULL, NULL, 'refunded', '2026-04-25T00:00:00'),
  ('ord_seed_0006', 2, 11, 'credit_pack', 900, 0, 100, NULL, NULL, 'paid', '2026-06-12T00:00:00'),
  ('ord_seed_0007', 2, 3, 'credit_pack', 9900, 0, 1100, NULL, NULL, 'paid', '2026-03-07T00:00:00'),
  ('ord_seed_0008', 2, 10, 'credit_pack', 19900, 0, 2211, NULL, NULL, 'fulfilled', '2025-12-10T00:00:00'),
  ('ord_seed_0009', 3, 14, 'plan_upgrade', 3900, 0, 0, 'pro', NULL, 'refunded', '2025-09-30T00:00:00'),
  ('ord_seed_0010', 3, 16, 'credit_pack', 9900, 0, 1100, NULL, NULL, 'paid', '2026-01-16T00:00:00'),
  ('ord_seed_0011', 4, 18, 'credit_pack', 900, 0, 100, NULL, NULL, 'pending', '2025-08-25T00:00:00'),
  ('ord_seed_0012', 4, 18, 'credit_pack', 19900, 0, 2211, NULL, NULL, 'paid', '2026-04-22T00:00:00'),
  ('ord_seed_0013', 4, 20, 'plan_upgrade', 3900, 0, 0, 'pro', NULL, 'pending', '2025-09-04T00:00:00'),
  ('ord_seed_0014', 5, 24, 'credit_pack', 3900, 0, 433, NULL, NULL, 'paid', '2025-11-01T00:00:00'),
  ('ord_seed_0015', 5, 23, 'credit_pack', 9900, 0, 1100, NULL, NULL, 'refunded', '2026-05-16T00:00:00'),
  ('ord_seed_0016', 5, 27, 'credit_pack', 3900, 0, 433, NULL, NULL, 'pending', '2026-02-12T00:00:00'),
  ('ord_seed_0017', 6, 31, 'plan_upgrade', 9900, 0, 0, 'pro', NULL, 'pending', '2025-09-11T00:00:00'),
  ('ord_seed_0018', 6, 33, 'plan_upgrade', 3900, 0, 0, 'pro', NULL, 'fulfilled', '2025-11-21T00:00:00'),
  ('ord_seed_0019', 6, 33, 'credit_pack', 19900, 0, 2211, NULL, NULL, 'fulfilled', '2026-04-12T00:00:00'),
  ('ord_seed_0020', 6, 31, 'plan_upgrade', 19900, 0, 0, 'pro', NULL, 'fulfilled', '2025-10-26T00:00:00'),
  ('ord_seed_0021', 6, 30, 'plan_upgrade', 19900, 0, 0, 'pro', NULL, 'fulfilled', '2026-03-23T00:00:00'),
  ('ord_seed_0022', 7, 37, 'credit_pack', 3900, 0, 433, NULL, NULL, 'pending', '2025-11-13T00:00:00'),
  ('ord_seed_0023', 7, 37, 'credit_pack', 900, 0, 100, NULL, NULL, 'fulfilled', '2026-06-04T00:00:00'),
  ('ord_seed_0024', 7, 34, 'plan_upgrade', 19900, 0, 0, 'pro', NULL, 'fulfilled', '2025-10-25T00:00:00'),
  ('ord_seed_0025', 7, 36, 'plan_upgrade', 19900, 0, 0, 'pro', NULL, 'fulfilled', '2026-06-13T00:00:00'),
  ('ord_seed_0026', 7, 37, 'credit_pack', 900, 0, 100, NULL, NULL, 'fulfilled', '2025-09-23T00:00:00'),
  ('ord_seed_0027', 8, 40, 'credit_pack', 19900, 0, 2211, NULL, NULL, 'pending', '2026-05-24T00:00:00'),
  ('ord_seed_0028', 8, 39, 'credit_pack', 900, 0, 100, NULL, NULL, 'paid', '2026-06-03T00:00:00'),
  ('ord_seed_0029', 8, 41, 'plan_upgrade', 3900, 0, 0, 'pro', NULL, 'paid', '2025-08-31T00:00:00'),
  ('ord_seed_0030', 8, 40, 'credit_pack', 9900, 0, 1100, NULL, NULL, 'pending', '2025-10-29T00:00:00'),
  ('ord_seed_0031', 8, 38, 'credit_pack', 19900, 0, 2211, NULL, NULL, 'paid', '2025-10-04T00:00:00');
